id,name,hp,atk,def,spd,lore,tags
sporeling,Sporeling,24,4,2,14,"A mushroom-capped crawler that puffs sleepy spores when startled; the villagers call them harmless, which is exactly how the trouble starts.",grass;earth
cave_roach,Cave Roach,24,4,2,15,"A boot-sized scavenger bold enough to steal mushrooms straight out of your basket and stare you down while it chews.",grass;earth
whisper_bat,Whisper Bat,63,12,4,16,"A leathery flier that repeats the last voice it heard, luring the curious deeper with words that were never its own.",grass;earth
dust_skitter,Dust Skitter,63,12,4,7,"A ball of grit and legs that rolls down the tunnel walls and uncurls only to bite.",grass;earth
gloomcap_sentinel,Gloomcap Sentinel,111,20,7,11,"A bulbous guardian rooted at the hollow's mouth, its cap a lantern of sickly light that dims the instant before it strikes.",grass;earth
pale_grub,Pale Grub,111,20,7,15,"A blind, fat larva that chews through stone and the roots that hold it, leaving tunnels that collapse behind it.",grass;earth
mycelium_weaver,Mycelium Weaver,111,31,11,14,"A pale horror that spins its webs from living fungus, stringing the warren with strands that drink the warmth from anything they touch.",grass;earth
spore_spitter,Spore Spitter,111,31,11,7,"A stalk that bends like a bow and looses bursts of choking spores at anything that moves.",grass;earth
rotling,Rotling,111,31,11,12,"A reeking little beast grown entirely out of the warren's rot, quick, hungry, and always in threes.",grass;earth
capfather,Capfather,216,52,20,7,"The warren's ancient heart: a mushroom the size of a barn that walks on roots like legs and calls its children with a hum you feel in your teeth.",grass;earth
rootling_i,Rootling I,120,42,15,8,"A sprout of the Capfather, half his size and twice as eager.",grass;earth
rootling_ii,Rootling II,120,42,15,11,"A sprout of the Capfather, half his size and twice as eager.",grass;earth
root_gnawer,Root Gnawer,296,54,20,11,"A dog-sized rodent that files its teeth on living roots and is furious at anything that interrupts the meal.",grass;earth
blind_mole,Blind Mole,296,54,20,15,"A furred boulder of a burrower that navigates entirely by sound and hates every noise you make.",grass;earth
pale_crawfish,Pale Crawfish,244,67,24,8,"A blind freshwater hunter with a spear for a snout, patrolling water it has never once seen.",grass;earth
silt_crawler,Silt Crawler,244,67,24,11,"A shelled bottom-feeder that rises in clouds of silt to swallow whatever sinks.",grass;earth
drownmoss,Drownmoss,244,67,24,9,"A drifting mat of weed that wraps an ankle and pulls, patiently, toward the deep.",grass;earth
cinderlantern_swarm,Cinderlantern Swarm,294,81,29,14,"Grotto fireflies burning far too hot, their light a lure and their touch a brand.",grass;earth
moss_lantern,Moss Lantern,294,81,29,11,"A single firefly grown vast and slow, its abdomen a lantern that never dims and never cools.",grass;earth
grotto_crawler,Grotto Crawler,294,81,29,8,"A long-legged hunter that skates across the water's surface, drawn to the light like everything else down here.",grass;earth
sporeguard,Sporeguard,347,95,35,9,"Two-meter caps that march in step, their spores laying down a wall of choking dust ahead of them.",grass;earth
cap_knight,Cap Knight,347,95,35,8,"A serpent armored in bark and fungus that guarded the throne's steps once and never left.",grass;earth
mycelium_priest,Mycelium Priest,347,95,35,7,"A pale minister of the rot that sings to the warren and answers your blows with a chorus of spores.",grass;earth
mycelarch,Mycelarch,452,138,52,7,"The mother of every mushroom in the hill, a vast pale crown of a creature that speaks through its children's minds and has already decided what you will become.",grass;earth
spore_sentinel_i,Spore Sentinel I,251,111,40,9,"A bodyguard woven from the Mycelarch's own threads.",grass;earth
spore_sentinel_ii,Spore Sentinel II,251,111,40,12,"A bodyguard woven from the Mycelarch's own threads.",grass;earth
rot_herald,Rot Herald,251,111,40,10,"The throne's speaker, whose hiss carries the Mycelarch's will down the hall.",grass;earth
bramble_hound,Bramble Hound,689,126,46,12,"A lean hunter grown from hedge and hunger, its bark-plated hide cracking as it runs.",grass;dark
thornling,Thornling,689,126,46,16,"A fistful of briars that walks, pricking anything that comes near.",grass;dark
greenpelt_wolf,Greenpelt Wolf,779,143,52,11,"A wolf so overgrown with moss it looks like a moving hill, swift despite all that green weight.",grass;dark
yearling,Yearling,779,143,52,14,"The pack's runt, quick and quiet and always the first to circle behind you.",grass;dark
thornsinger,Thornsinger,580,160,58,8,"A serpent whose scales are living bark; when it sings, the whole grove forgets which way is out.",grass;dark
chorus_vine,Chorus Vine,580,160,58,9,"A vine that answers the Thornsinger in a whisper of leaves and tightens when you answer back.",grass;dark
grove_stalker,Grove Stalker,580,160,58,10,"A deer that walks in the singer's shadow, patient until it is not.",grass;dark
meadow_hornet,Meadow Hornet,966,177,64,8,"An armored wasp the length of your arm, its blade grown long and its temper longer.",grass;dark
paper_warden,Paper Warden,966,177,64,12,"A hornet that never leaves the nest, patient as a held breath and just as sudden.",grass;dark
thicket_tyrant,Thicket Tyrant,1008,244,92,7,"A boar gone feral and green, its tusks wound through with thorn-vines, charging down anything that crosses its clearing.",grass;dark
thorn_guard_i,Thorn Guard I,560,195,71,16,"A brute of the thicket that fights on its knuckles and settles every argument with the nearest tree.",grass;dark
thorn_guard_ii,Thorn Guard II,560,195,71,9,"A brute of the thicket that fights on its knuckles and settles every argument with the nearest tree.",grass;dark
orchard_sentinel,Orchard Sentinel,1164,213,78,10,"An orchard that grew a mind and then a body, lumbering between the stone trunks it used to be.",grass;dark
fruit_wasp,Fruit Wasp,1164,213,78,12,"A wasp that nests in the petrified fruit and takes the orchard personally.",grass;dark
hollow_stag,Hollow Stag,845,232,85,7,"A stag whose antlers flower and rot in the same breath, its shadow walking half a step behind it.",grass;dark
eye_bloom,Eye-Bloom,845,232,85,8,"A bloom that opens only when watched, and watches back.",grass;dark
shadow_fawn,Shadow Fawn,845,232,85,9,"The stag's shadow, given a shape and a temper of its own.",grass;dark
antlered_huntsman,Antlered Huntsman,915,252,92,10,"The stag's herald, a crowned beast that runs its prey to exhaustion and is never once out of breath.",grass;dark
pack_thorn_i,Pack Thorn I,915,252,92,10,"A hound of the hunt, quick through the brush and quicker to call the others.",grass;dark
pack_thorn_ii,Pack Thorn II,915,252,92,13,"A hound of the hunt, quick through the brush and quicker to call the others.",grass;dark
witherbloom,Witherbloom,987,271,99,11,"A vast flower crowned like a lion that drains the color out of whatever it faces.",grass;dark
blight_crawler,Blight Crawler,987,271,99,11,"A pale crawler that spreads the wither wherever it walks.",grass;dark
grey_gardener,Grey Gardener,987,271,99,14,"A beast that tends the blight like a crop and resents the harvest being interrupted.",grass;dark
verdant_sovereign,Verdant Sovereign,988,365,138,9,"The crowned spirit of the overgrowth, a lion of leaf and bloom that speaks for every root in the valley and buries its enemies to feed them.",grass;dark
court_of_thorns_i,Court of Thorns I,549,292,106,12,"A rank of briars that closes like a door when the Sovereign commands.",grass;dark
court_of_thorns_ii,Court of Thorns II,549,292,106,15,"A rank of briars that closes like a door when the Sovereign commands.",grass;dark
sovereigns_herald,Sovereign's Herald,549,292,106,11,"The court's crier, whose song is the sentence and whose bite is the sentence carried out.",grass;dark
bloomguard,Bloomguard,549,292,106,13,"A walking grove that shields the Sovereign with its own grown body.",grass;dark
mudback_crab,Mudback Crab,1704,312,114,10,"A crab the size of a cart, armored in mud and the coins of everyone who tried the crossing.",water;grass
drown_walker,Drown Walker,1704,312,114,15,"A dog that went into the water and came back wrong, still fetching something no one threw.",water;grass
saltmarsh_stalker,Saltmarsh Stalker,1818,333,121,8,"A serpent the color of reeds that has eaten a hundred careless travelers and remembers none of them.",water;grass
reed_lurker,Reed Lurker,1818,333,121,12,"A mat of razor sedge that lies level with the water and waits.",water;grass
reef_warden,Reef Warden,1290,355,129,14,"A crystal-shelled guardian that has watched the reef for an age and brooks no visitors.",water;grass
gilded_eel,Gilded Eel,1290,355,129,12,"An eel scaled in stolen gold that strikes like a thrown spear.",water;grass
coral_crab,Coral Crab,1290,355,129,12,"A squat crab whose coral growths make it look like part of the reef, which is the point.",water;grass
tidehollow_horror,Tidehollow Horror,2054,376,137,16,"A jellyfish grown vast in the dark, its lights spelling out patterns meant to be read and never worth reading.",water;grass
grotto_newt,Grotto Newt,2054,376,137,12,"A newt that swims in the rising water and waits for it to do the work for it.",water;grass
keeper_of_the_kelp,Keeper of the Kelp,2061,498,189,7,"An ancient tortoise that tends the kelp like a garden and strangles intruders like weeds.",water;grass
kelp_shade_i,Kelp Shade I,1145,399,145,15,"A drifting guardian that floats between the stalks where nothing should be able to see it.",water;grass
kelp_shade_ii,Kelp Shade II,1145,399,145,8,"A drifting guardian that floats between the stalks where nothing should be able to see it.",water;grass
flooded_villager,Flooded Villager,1531,421,153,12,"Someone who stayed below the waterline too long, still polite, still drowning.",water;grass
waterlogged_hound,Waterlogged Hound,1531,421,153,10,"The village dog, which never stopped guarding a house that is no longer there.",water;grass
silt_wretch,Silt Wretch,1531,421,153,12,"A shelled thing that has moved into the flooded cellars and does not intend to leave.",water;grass
blackwater_lurker,Blackwater Lurker,1614,444,161,12,"A toad of the fen whose croak sounds like a person calling for help from very far away.",water;grass
fen_wisp,Fen Wisp,1614,444,161,9,"A drifting light that leads travelers off the path and into the peat, where the fen keeps what it takes.",water;grass
mire_crawler,Mire Crawler,1614,444,161,16,"A blood-drinker of the stagnant water, grown large on whatever the fen drowns.",water;grass
deepseeker,Deepseeker,1699,467,170,8,"A jellyfish that scatters lights like coins across the surface, patient as a fisherman and just as fond of hooks.",water;grass
hook_mouth_i,Hook-Mouth I,1699,467,170,13,"A hunter that waits beneath the lights for whatever comes to gawk.",water;grass
hook_mouth_ii,Hook-Mouth II,1699,467,170,16,"A hunter that waits beneath the lights for whatever comes to gawk.",water;grass
bell_ringer,Bell-Ringer,1338,491,178,10,"A drowned thing that rings the sunken bell, and every toll calls another of its kind.",water;grass
drowned_acolyte_i,Drowned Acolyte I,1338,491,178,8,"A worshipper who never left the pews, still kneeling in the green dark.",water;grass
drowned_acolyte_ii,Drowned Acolyte II,1338,491,178,11,"A worshipper who never left the pews, still kneeling in the green dark.",water;grass
nave_guardian,Nave Guardian,1338,491,178,14,"The chapel's old guardian, whose shell has become part of the altar.",water;grass
leviathan,Leviathan,1742,643,243,11,"An ancient serpent-turtle of the deep shelf that has sunk fleets for their glitter and holds the whole coastline in its slow patience.",water;grass
tide_herald,Tide Herald,968,515,187,11,"The Leviathan's herald, whose wake is the signal to flee.",water;grass
reef_horror_i,Reef Horror I,968,515,187,16,"A light that has drifted up from the deep trench, cold and wrong and enormous.",water;grass
reef_horror_ii,Reef Horror II,968,515,187,9,"A light that has drifted up from the deep trench, cold and wrong and enormous.",water;grass
drowned_choir,Drowned Choir,968,515,187,13,"A chorus of the drowned, singing the Leviathan's coming.",water;grass
frostguard,Frostguard,2939,539,196,14,"A soldier of packed snow who has stood at the gate so long the gate grew up around it.",ice
frostplume_sentry,Frostplume Sentry,2939,539,196,7,"A bird of ice that struts the wall, its crow loud enough to start the avalanches it relies on.",ice
whiteout_shade,Whiteout Shade,3072,563,205,11,"A shape of snow and antler that wears the face of whoever enters the storm.",ice
rime_crawler,Rime Crawler,3072,563,205,16,"A pale spider that walks the whiteout on frozen points, silent and very fast.",ice
lake_wyrm,Lake Wyrm,2138,588,214,11,"A serpent of clear ice whose coils are visible through the floor you are standing on.",ice
ice_skater,Ice Skater,2138,588,214,10,"A spider that glides the lake's face, hunting anything that cracks the surface.",ice
frozen_herd,Frozen Herd,2138,588,214,14,"The lake's drowned herd, walking the bottom in a slow, endless migration.",ice
rime_wretch,Rime Wretch,3344,613,223,7,"A shape of frost and old cloth that moves only when you exhale.",ice
hollow_stag_of_ice,Hollow Stag of Ice,3344,613,223,7,"A stag of clear ice that has stood in the hollow so long it has forgotten the way out.",ice
ice_warden,Ice-Warden,3300,798,302,14,"A colossus of blue ice that carries the pass on its shoulders and crushes trespassers down into the permafrost.",ice
wardens_hound_i,Warden's Hound I,1833,639,232,7,"A spider of the Warden's leash, skating out to meet anything that moves.",ice
wardens_hound_ii,Warden's Hound II,1833,639,232,10,"A spider of the Warden's leash, skating out to meet anything that moves.",ice
glasswood_stalker,Glasswood Stalker,2415,664,242,12,"A predator that hunts by the cracking of glass, hearing you long before it sees you.",ice
shard_beaver,Shard Beaver,2415,664,242,14,"A beaver whose tail is a slab of crystal and whose dam is a wall of prisms.",ice
prism_wasp,Prism Wasp,2415,664,242,13,"A wasp of frozen light that refracts into a dozen copies as it dives.",ice
glacier_howler,Glacier Howler,2510,690,251,9,"A wolf of the ice that howls down through the glacier's cracks and is answered by the whole mountain.",ice
frozen_pack_i,Frozen Pack I,2510,690,251,15,"The pack's cousins, walking the white emptiness where the sun is only a rumor.",ice
frozen_pack_ii,Frozen Pack II,2510,690,251,8,"The pack's cousins, walking the white emptiness where the sun is only a rumor.",ice
frozen_falcon,Frozen Falcon,1954,716,261,12,"A bird that has hung in the ice for a century and is not, despite appearances, dead.",ice
icicle_chicken_i,Icicle Chicken I,1954,716,261,12,"A bird that lays frozen eggs and defends them with a comb of spikes.",ice
icicle_chicken_ii,Icicle Chicken II,1954,716,261,15,"A bird that lays frozen eggs and defends them with a comb of spikes.",ice
cave_hermit,Cave Hermit,1954,716,261,9,"A bear that slept through the freeze and woke up considerably grumpier than it went to sleep.",ice
courtier_of_rime,Courtier of Rime,2702,743,270,16,"A noble of the winter court, elegant as a snowdrift and just as lethal to anything warm.",ice
frozen_herald,Frozen Herald,2702,743,270,9,"The court's crier, whose crow opens the session and closes the doors.",ice
statue_guard,Statue Guard,2702,743,270,8,"A guard so still the court forgot it was ever alive.",ice
hoarfrost_queen,Hoarfrost Queen,2606,962,364,11,"The crowned sovereign of the eternal winter, whose displeasure is measured in blizzards and whose mercy is measured in none.",ice
queens_guard_i,Queen's Guard I,1448,770,280,7,"A colossus of the Queen's own cold, standing where she will not be touched.",ice
queens_guard_ii,Queen's Guard II,1448,770,280,10,"A colossus of the Queen's own cold, standing where she will not be touched.",ice
crown_herald,Crown Herald,1448,770,280,12,"The Queen's voice, sharp enough to freeze a word in the air.",ice
winter_shade,Winter Shade,1448,770,280,7,"The Queen's whisper, crawling out of the drifts when the court grows quiet.",ice
ash_hound,Ash Hound,4346,797,290,13,"A wolf of banked embers that shakes sparks loose as it runs, its coat always smoldering.",fire;earth
cinder_flea,Cinder Flea,4346,797,290,12,"A squirrel-sized nuisance that hoards coals and throws them at anything that gets close.",fire;earth
emberpelt_prowler,Emberpelt Prowler,2997,824,300,14,"A tiger whose stripes are seams of molten ember; the burned trunks lean inward when it passes.",fire;earth
smoldering_snag,Smoldering Snag,2997,824,300,16,"A cloud of fireflies nesting in a dead trunk, hot enough to set it burning again.",fire;earth
ash_crawler,Ash Crawler,2997,824,300,13,"A hound of the ash flats that has learned to walk on the crust without breaking through.",fire;earth
magma_pup,Magma Pup,3097,852,310,11,"A young crocodile of cooling basalt, its mouth a furnace and its temper worse.",fire;earth
scald_newt,Scald Newt,3097,852,310,10,"A tortoise whose shell is a small caldera, venting steam and quite at home.",fire;earth
boil_hound,Boil Hound,3097,852,310,9,"A hound that hunts the boil line, where the water hides what the fire cooks.",fire;earth
spring_horror,Spring Horror,4799,880,320,12,"An old turtle crusted with mineral terraces, as much hot spring as beast.",fire;earth
scalded_wretch,Scalded Wretch,4799,880,320,8,"A monkey that fell in and came out cooked and furious.",fire;earth
forgebeast,Forgebeast,4691,1135,429,13,"A ram whose fleece is molten and whose horns are forge-hot; it feeds the mountain's fires and charges anything that interrupts the smithing.",fire;earth
bellows_fiend_i,Bellows Fiend I,2606,908,330,8,"A monkey that works the great bellows and throws the coals it can't use.",fire;earth
bellows_fiend_ii,Bellows Fiend II,2606,908,330,11,"A monkey that works the great bellows and throws the coals it can't use.",fire;earth
obsidian_stalker,Obsidian Stalker,3404,936,340,14,"A cat of black glass whose edges are sharp enough to cut the heat itself.",fire;earth
stair_wisp,Stair Wisp,3404,936,340,13,"A drifting coal-spirit that lights the steps and betrays them.",fire;earth
shard_ram,Shard Ram,3404,936,340,15,"A ram of cooled lava plates that headbutts the stair until it falls on those below.",fire;earth
ember_monkey,Ember Monkey,3508,965,351,7,"A mischief of monkeys juggling stolen coals, delighted with everything and sorry about nothing.",fire;earth
tallow_ape,Tallow Ape,3508,965,351,14,"The biggest of the troop, its tail a torch and its grin a warning.",fire;earth
sparrowcinder,Sparrowcinder,3508,965,351,16,"A squirrel that buries burning acorns and forgets every single cache.",fire;earth
ringmaster_of_sparks,Ringmaster of Sparks,3613,994,361,14,"A showman ape in a scorched coat who insists the games are fair and the exits are all closed.",fire;earth
cannon_chicken,Cannon Chicken,3613,994,361,7,"A barnyard bird loaded into a brass tube and fired at the audience, cackling the whole way.",fire;earth
puppet_of_ash,Puppet of Ash,3613,994,361,16,"A beast that dances on strings of ember and only stops when the music does.",fire;earth
caldera_sentinel,Caldera Sentinel,3719,1023,372,7,"A crocodile of lava that patrols the rim, patient as the stone and twice as heavy.",fire;earth
rim_crawler,Rim Crawler,3719,1023,372,15,"A tortoise that has crossed the rim so many times it has worn a path to the edge.",fire;earth
eruption_hound,Eruption Hound,3719,1023,372,13,"A hound that runs the rim just ahead of the next vent's opening.",fire;earth
pyroclast,Pyroclast,3561,1315,497,8,"The living core of the volcano, a beast of magma and cinder that is the mountain's temper made flesh; when it wakes, the sky rains glass.",fire;earth
caldera_guard,Caldera Guard,1978,1052,383,12,"A crocodile grown in the caldera, armored in the mountain's own cooling skin.",fire;earth
ember_ape_i,Ember Ape I,1978,1052,383,13,"A troop-ape that followed the heat down and never came back up.",fire;earth
ember_ape_ii,Ember Ape II,1978,1052,383,16,"A troop-ape that followed the heat down and never came back up.",fire;earth
magma_herald,Magma Herald,1978,1052,383,14,"The heart's herald, whose shell cracks wider with every beat.",fire;earth
spark_hound,Spark Hound,5900,1082,393,12,"A lean wolf of static charge that runs ahead of the thunder and waits for it to catch up.",electric
ridge_gnat,Ridge Gnat,5900,1082,393,14,"A mouse-sized nuisance that arcs between your feet and giggles in static.",electric
static_stag,Static Stag,4041,1111,404,14,"A stag whose antlers are live wires; the meadow's hush comes from everything hiding.",electric
charge_hare,Charge Hare,4041,1111,404,9,"A hare that carries a charge in its fur and startles easily, to everyone's cost.",electric
field_mouse,Field Mouse,4041,1111,404,14,"A whole field of mice, all charged, all watching.",electric
herd_bull,Herd Bull,4151,1142,415,15,"The herd's enforcer, a stallion of forked lightning that runs the meadow's edge and turns trespassers back with their fur smoking.",electric
volt_doe_i,Volt Doe I,4151,1142,415,15,"A doe whose antlers hum, one of a hundred that move as one.",electric
volt_doe_ii,Volt Doe II,4151,1142,415,8,"A doe whose antlers hum, one of a hundred that move as one.",electric
chasm_weaver,Chasm Weaver,4261,1172,426,9,"A beaver that dammed a thunderstorm instead of a river, its tail a bar of blue-white current.",electric
arc_crawler,Arc Crawler,4261,1172,426,7,"A crawler that walks the copper wire and lights it as it goes.",electric
wire_hound,Wire Hound,4261,1172,426,16,"A hound that paces the far edge, waiting to see whether you fall.",electric
stormherd_alpha,Stormherd Alpha,6211,1503,568,7,"The first of the storm-herd, a stallion born of a lightning strike that leads the herd and the weather both.",electric
herd_runner_i,Herd Runner I,3451,1202,437,15,"The alpha's outriders, moving as one animal at the herd's flanks.",electric
herd_runner_ii,Herd Runner II,3451,1202,437,8,"The alpha's outriders, moving as one animal at the herd's flanks.",electric
bolt_sentinel,Bolt Sentinel,4483,1233,448,14,"A creature of frost and current that guards the stair, its quills crackling between shards of ice.",electric
climb_crawler,Climb Crawler,4483,1233,448,16,"A crawler that nests in the stair's cracks and lights them from below.",electric
thunder_wisp,Thunder Wisp,4483,1233,448,8,"A dam-keeper that has dammed the stair itself and charges a toll in sparks.",electric
beacon_thief,Beacon Thief,3447,1264,460,9,"A wolf that swallowed the tower's light and glows with the stolen flame, more beacon than beast.",electric
tower_wretch_i,Tower Wretch I,3447,1264,460,14,"A swarm that moved into the dark tower and made it their nest.",electric
tower_wretch_ii,Tower Wretch II,3447,1264,460,7,"A swarm that moved into the dark tower and made it their nest.",electric
warden_of_currents,Warden of Currents,3447,1264,460,7,"The tower's old warden, still drawing power from a beacon that is no longer there.",electric
copper_falcon,Copper Falcon,4709,1295,471,11,"A raptor whose wings trail sparks, and whose cage is its own idea.",electric
voltaic_hen,Voltaic Hen,4709,1295,471,14,"A bird that lays sparks instead of eggs and fusses if you take them.",electric
wire_weaver,Wire Weaver,4709,1295,471,14,"A beaver that builds the aviary's cage from live wire and never gets bitten.",electric
conduit_warden,Conduit Warden,3617,1326,482,14,"A warden grown into the spire's conduits, its body a living coil that discharges when disturbed.",electric
arc_servant_i,Arc Servant I,3617,1326,482,11,"A servant of the spire, running its charge from room to room.",electric
arc_servant_ii,Arc Servant II,3617,1326,482,14,"A servant of the spire, running its charge from room to room.",electric
spire_howler,Spire Howler,3617,1326,482,9,"A howler that can hear the charged air thin before the spire releases.",electric
skybreaker,Skybreaker,4597,1697,642,10,"The crowned keeper of the peak's eternal storm, a stallion wreathed in silent lightning that splits the sky when it displeases him.",electric
crown_guard_i,Crown Guard I,2554,1358,494,14,"A guard of frost and charge, standing where the crown will not be touched.",electric
crown_guard_ii,Crown Guard II,2554,1358,494,7,"A guard of frost and charge, standing where the crown will not be touched.",electric
thunder_herald,Thunder Herald,2554,1358,494,11,"The crown's herald, running the storm's edge to call the strike in.",electric
arc_choir,Arc Choir,2554,1358,494,8,"A thousand small voices, all humming the same note, all charged.",electric
quarry_guard,Quarry Guard,7580,1390,505,12,"A troll of stacked stone that never got the order to stand down.",earth
grit_hound,Grit Hound,7580,1390,505,15,"A hedgehog of sharp slate that rolls the trails and takes a toll in ankles.",earth
stonefall_stalker,Stonefall Stalker,5170,1422,517,11,"A cat of loose rock that walks the gallery ceilings and drops what it doesn't need on whoever is below.",earth
pit_wretch,Pit Wretch,5170,1422,517,11,"A digger of the pits that has made peace with the dark and war with everything else.",earth
dust_mite,Dust Mite,5170,1422,517,14,"A wasp that nests in the rubble and stings like a falling chisel.",earth
boulder_run_runner,Boulder Run Runner,7931,1454,529,11,"A boulder that has been rolling so long it grew opinions, and its opinion is that you should move.",earth
pebbleback,Pebbleback,7931,1454,529,14,"A smaller relation of the boulder, faster, meaner, and far more numerous.",earth
hall_termite,Hall Termite,5405,1486,541,14,"A pale workman of the deep that builds with stone and eats with it too.",earth
soldier_termite,Soldier Termite,5405,1486,541,11,"A soldier with a head like a hammer and a grudge like a load-bearing wall.",earth
tunnel_grub,Tunnel Grub,5405,1486,541,9,"A grub that widens the halls a mouthful at a time and is always hungry.",earth
quarry_tyrant,Quarry Tyrant,7848,1899,718,15,"The foreman of a quarry abandoned a century ago, still shouting orders at a crew of one.",earth
slate_brute_i,Slate Brute I,4360,1519,552,13,"A boulder-picker the Tyrant set to guard the shaft mouth.",earth
slate_brute_ii,Slate Brute II,4360,1519,552,16,"A boulder-picker the Tyrant set to guard the shaft mouth.",earth
foundry_golem,Foundry Golem,5643,1552,564,12,"A furnace given legs and a mouth, its belly full of molten metal.",earth
slag_crawler,Slag Crawler,5643,1552,564,10,"A tortoise of cooled slag that carries the foundry's waste and its temper.",earth
anvil_ape,Anvil Ape,5643,1552,564,13,"A smith-ape that beats metal all day and anything else at night.",earth
standing_stone,Standing Stone,5763,1585,576,14,"A monolith that has stood for an age and, this evening, decided to walk.",earth
circle_warden_i,Circle Warden I,5763,1585,576,7,"A warden of the circle that has counted the stones every night and found the count wrong.",earth
circle_warden_ii,Circle Warden II,5763,1585,576,10,"A warden of the circle that has counted the stones every night and found the count wrong.",earth
grind_maw,Grind Maw,5883,1618,588,12,"A crocodile of granite plates that swallows the tunnel behind it as it advances.",earth
deep_crawler,Deep Crawler,5883,1618,588,11,"A toad that sits so still the tunnel grew around it, and now it is the tunnel.",earth
cave_brute,Cave Brute,5883,1618,588,16,"A brute that has made itself at home in a place that has no home in it.",earth
vault_guardian,Vault Guardian,6005,1651,601,14,"A stallion of clay and standing stone, the vault's last defense and its first thought.",earth
vault_keeper,Vault Keeper,6005,1651,601,7,"A keeper whose amber eyes have watched the vault since before the quarry.",earth
geo_wasp,Geo Wasp,6005,1651,601,13,"A wasp that mines the vault's seam and defends it to the last.",earth
terravore,Terravore,5704,2106,797,11,"The buried heart of the underearth, a toad of boulders and ore that is the mountain's slow, patient will given a mouth.",earth
ore_hound,Ore Hound,3169,1685,613,13,"A hound of ore that rolls down the vault's throat to meet intruders.",earth
stone_herald,Stone Herald,3169,1685,613,12,"The heart's herald, whose tread is the mountain shifting in its sleep.",earth
vault_shade,Vault Shade,3169,1685,613,8,"The vault's shadow, which has kept the same watch as the keeper and never blinked.",earth
grinding_deep,Grinding Deep,3169,1685,613,9,"The deep's own warden, drawn up to the heart to defend it.",earth
grave_hound,Grave Hound,9375,1719,625,10,"A hound that kept a gate in life and keeps it still, its ribs showing through smoke.",dark
riser,Riser,9375,1719,625,14,"A farm bird that would not stay buried, strutting the road with a comb like cooling ash.",dark
mist_stalker,Mist Stalker,9561,1753,637,8,"A cat of mist that has no outline of its own, only the suggestion of one.",dark
fog_wretch,Fog Wretch,9561,1753,637,14,"A smudge of soot between the milestones that keeps the road tidy and its travelers tidier.",dark
gallows_keeper,Gallows Keeper,6498,1787,650,12,"An owl that keeps a ledger of everyone who passes beneath the dead branches, and it has your name.",dark
carrion_crow,Carrion Crow,6498,1787,650,8,"A bird that has grown fat on the orchard's harvest and does not share.",dark
bough_crawler,Bough Crawler,6498,1787,650,10,"A drinker that nests in the high branches and drops on the unwary.",dark
candle_wretch,Candle Wretch,6623,1821,662,13,"A vault keeper that has tidied the candles for a thousand years and resents every visitor.",dark
guttering_shade,Guttering Shade,6623,1821,662,7,"A light that drifts between the coffins, dimming whenever it is looked at.",dark
crypt_hound,Crypt Hound,6623,1821,662,9,"A hound that guards a house of the dead and takes its duty very seriously.",dark
pale_rider,Pale Rider,9589,2320,877,7,"A riderless horror of the marches that has broken a hundred horses and is now shopping for a new one.",dark
riders_hound_i,"Rider's Hound I",5327,1856,675,10,"A hound of the Rider's hunt, running the march's edge.",dark
riders_hound_ii,"Rider's Hound II",5327,1856,675,13,"A hound of the Rider's hunt, running the march's edge.",dark
hollow_chorister,Hollow Chorister,6875,1891,688,15,"A congregation that sings without mouths, the sound hollow and patient and wrong.",dark
choir_warden,Choir Warden,6875,1891,688,9,"A warden that keeps the choir's time and punishes those who break it.",dark
silent_brother,Silent Brother,6875,1891,688,8,"The one who does not sing, and is therefore the one to fear.",dark
the_widow,The Widow,5252,1926,700,10,"The pale lady of the marches, whose veil is smoke and whose court is whoever was too slow to leave.",dark
veiled_attendant_i,Veiled Attendant I,5252,1926,700,16,"A courtier who attends the Widow still, long after the attending stopped mattering.",dark
veiled_attendant_ii,Veiled Attendant II,5252,1926,700,9,"A courtier who attends the Widow still, long after the attending stopped mattering.",dark
court_shade,Court Shade,5252,1926,700,9,"The court's enforcer, which has no shape but a great deal of intent.",dark
the_hunger,The Hunger,7129,1960,713,15,"A vast mosquito-thing fed on a swamp that was fed on something worse; its needle is longer than a spear.",dark
ravenous_crawler,Ravenous Crawler,7129,1960,713,10,"A crawler that follows the Hunger's scent and finishes what it leaves.",dark
gorge_wretch,Gorge Wretch,7129,1960,713,10,"A hound of the hunger, ribs showing, still eating.",dark
black_choir,Black Choir,5444,1996,726,7,"A choir of owls that sings the cathedral's hymns and descends on any who interrupt.",dark
cathedral_guardian,Cathedral Guardian,5444,1996,726,14,"A guardian of the nave that has no body to bury and no patience to spare.",dark
bishop_of_ash,Bishop of Ash,5444,1996,726,11,"The cathedral's shepherd, whose flock is the whole march and whose sermon is the dark.",dark
nave_crawler,Nave Crawler,5444,1996,726,13,"A drifting light of the nave, cold and wrong and enormous.",dark
umbragore,Umbragore,6878,2539,960,9,"The shadow sovereign of the marches, a lion of black smoke and silent lightning whose mane is a standing storm and whose reign is measured in graves.",dark
shadow_herald,Shadow Herald,3821,2031,739,15,"The sovereign's herald, whose pounce is the herald's only announcement.",dark
court_of_ash_i,Court of Ash I,3821,2031,739,8,"The sovereign's court, still bowing, still marching.",dark
court_of_ash_ii,Court of Ash II,3821,2031,739,11,"The sovereign's court, still bowing, still marching.",dark
legion_shade,Legion Shade,3821,2031,739,10,"A legion of the sovereign's risen, strutting in the sovereign's shadow.",dark
spine_crawler,Spine Crawler,11274,2067,752,10,"A crocodile of black basalt that walks the spine's vertebrae and eats whatever stops to admire the view.",dragon;fire
scale_hound,Scale Hound,11274,2067,752,7,"A hound that dens in the fallen scales and considers the spine its hoard.",dragon;fire
ridge_wyrm,Ridge Wyrm,11469,2103,765,11,"A wolf-sized wyrm that burrows in the fallen scales and hunts the ridge at dusk.",dragon;fire
scale_hoarder,Scale Hoarder,11469,2103,765,16,"A squirrel-thing that buries scales like acorns and defends the cache with a hoard's fury.",dragon;fire
hoard_warden,Hoard Warden,7777,2139,778,12,"The hoard's keeper, a lion of storm and shadow that counts the coins by name and takes offense at theft.",dragon;fire
coin_mimic,Coin Mimic,7777,2139,778,7,"A chest of coins that is not a chest of coins, and resents the confusion.",dragon;fire
hoard_howler,Hoard Howler,7777,2139,778,8,"A hound that guards the hoard's edge and howls at anything that glitters.",dragon;fire
bloodfen_wyrm,Bloodfen Wyrm,7909,2175,791,9,"A crocodile-wyrm fattened on the fen's old blood, sluggish and enormous and immortal.",dragon;fire
fen_hatchling_i,Fen Hatchling I,7909,2175,791,9,"A hatchling that has never left the fen and thinks it is the whole world.",dragon;fire
fen_hatchling_ii,Fen Hatchling II,7909,2175,791,12,"A hatchling that has never left the fen and thinks it is the whole world.",dragon;fire
broodmother,Broodmother,11427,2764,1045,14,"The broodmother of the wyrms, a tiger-drake whose molten stripes mark each egg she guards and each foe she has buried.",dragon;fire
wyrmling_i,Wyrmling I,6348,2211,804,9,"A new-hatched drake, hungry and already armored.",dragon;fire
wyrmling_ii,Wyrmling II,6348,2211,804,12,"A new-hatched drake, hungry and already armored.",dragon;fire
cradle_coil,Cradle Coil,8174,2248,817,7,"A coil of the cradle that never sleeps, tightening around anything that enters the pit.",dragon;fire
cradle_keeper,Cradle Keeper,8174,2248,817,10,"A keeper that has guarded the cradle since the spine was alive.",dragon;fire
shell_drake,Shell Drake,8174,2248,817,10,"A drake that carries the cradle's old shell and the patience that comes with it.",dragon;fire
sky_warden,Sky Warden,6230,2284,831,9,"A guardian of storm and shadow that catches the falling sky and hurls it back.",dragon;fire
temple_coil_i,Temple Coil I,6230,2284,831,10,"A coil that has wrapped the temple's broken pillars and never let go.",dragon;fire
temple_coil_ii,Temple Coil II,6230,2284,831,13,"A coil that has wrapped the temple's broken pillars and never let go.",dragon;fire
ruin_drake,Ruin Drake,6230,2284,831,10,"A drake that took the temple as its den and the falling sky as its weather.",dragon;fire
elder_wyrm,Elder Wyrm,11995,2902,1097,12,"The eldest of the spine's wyrms, a crocodile of molten rock and old gold that has outlived every knight sent to kill it.",dragon;fire
court_coil,Court Coil,6664,2321,844,15,"A coil of the court, draped across the throne's arm like a favorite ribbon.",dragon;fire
bone_herald,Bone Herald,6664,2321,844,9,"The court's crier, armored in the remains of the last herald.",dragon;fire
egg_guardian,Egg Guardian,6432,2358,858,15,"The last guardian of the last egg, holding the line with storm in its mane and shadow at its heels.",dragon;fire
clutch_thief_i,Clutch Thief I,6432,2358,858,11,"A drake that has been trying to steal the last egg since it was laid.",dragon;fire
clutch_thief_ii,Clutch Thief II,6432,2358,858,14,"A drake that has been trying to steal the last egg since it was laid.",dragon;fire
spine_wyrm,Spine Wyrm,6432,2358,858,11,"The spine's own wyrm, woken by the warmth of the last egg.",dragon;fire
voragrim,Voragrim,8110,2994,1132,16,"The great drake whose spine is the road you walked, woken at last; its stripes are lava veins and its roar cracks the citadel's walls.",dragon;fire
spine_herald,Spine Herald,4506,2396,871,12,"The drake's herald, carrying its roar down the ridge.",dragon;fire
wyrm_guard_i,Wyrm Guard I,4506,2396,871,14,"A guard of storm and shadow, standing where the drake will not be touched.",dragon;fire
wyrm_guard_ii,Wyrm Guard II,4506,2396,871,7,"A guard of storm and shadow, standing where the drake will not be touched.",dragon;fire
drake_choir,Drake Choir,4506,2396,871,7,"The dragon's chorus, humming the note that wakes the mountain.",dragon;fire
gate_warden,Gate Warden,8847,2433,885,13,"The citadel's gate warden, a lion of storm and shadow that has never once let anyone leave.",dark;dragon
gate_hound_i,Gate Hound I,8847,2433,885,9,"A hound of the gate that keeps a ledger of arrivals and a shorter list of departures.",dark;dragon
gate_hound_ii,Gate Hound II,8847,2433,885,12,"A hound of the gate that keeps a ledger of arrivals and a shorter list of departures.",dark;dragon
ash_revenant,Ash Revenant,8983,2470,898,8,"A courtier of the citadel reduced to ash and grief, still bowing to a throne that has moved on.",dark;dragon
courtyard_crawler,Courtyard Crawler,8983,2470,898,16,"A crawler that feeds on the courtyard's ash and whatever it is made of.",dark;dragon
oathbreaker,Oathbreaker,9120,2508,912,15,"What remains of a knight who swore to the dark lord and kept the oath too well.",dark;dragon
broken_warden,Broken Warden,9120,2508,912,7,"A warden that broke its oath and now breaks anyone who reminds it.",dark;dragon
pledge_shade,Pledge Shade,9120,2508,912,7,"A shade of the pledged, still keeping a promise no one remembers making.",dark;dragon
gallery_shade,Gallery Shade,6944,2546,926,14,"A portrait that left its frame and has been looking for a body ever since.",dark;dragon
screaming_coil_i,Screaming Coil I,6944,2546,926,16,"A coil of the gallery that screams in a voice the paintings all borrowed.",dark;dragon
screaming_coil_ii,Screaming Coil II,6944,2546,926,9,"A coil of the gallery that screams in a voice the paintings all borrowed.",dark;dragon
framed_horror,Framed Horror,6944,2546,926,16,"A light that escaped a canvas and drifts the gallery's dark, looking for a way back in.",dark;dragon
warden_of_nine_locks,Warden of Nine Locks,13352,3230,1221,7,"The citadel's jailer, a beast of nine chains, one for each lock it has never let anyone pass.",dark;dragon
lock_hound_i,Lock Hound I,7418,2584,940,7,"A hound on the Warden's chain, one of nine.",dark;dragon
lock_hound_ii,Lock Hound II,7418,2584,940,10,"A hound on the Warden's chain, one of nine.",dark;dragon
antechamber_guard,Antechamber Guard,7151,2622,954,12,"A guard of shadow that has stood so long it has forgotten what it guards, only that it does.",dark;dragon
throne_herald,Throne Herald,7151,2622,954,15,"The throne's herald, whose bow is the last courtesy you will be shown.",dark;dragon
court_revenant_i,Court Revenant I,7151,2622,954,14,"A revenant of the court, still dressed for a session that ended long ago.",dark;dragon
court_revenant_ii,Court Revenant II,7151,2622,954,7,"A revenant of the court, still dressed for a session that ended long ago.",dark;dragon
masked_noble,Masked Noble,7256,2660,967,12,"A courtier whose mask is the only part of it left, and it is very attached to the part.",dark;dragon
mask_bearer,Mask Bearer,7256,2660,967,8,"A bearer who carries the masks the nobles have outgrown.",dark;dragon
masquerade_shade,Masquerade Shade,7256,2660,967,16,"A shade in the shape of whoever it is standing next to.",dark;dragon
hollow_chancellor,Hollow Chancellor,11041,3374,1276,7,"The dark lord's chancellor, a voice with no body and a crown with no king, ruling the court while its master watches.",dark;dragon
chancellors_guard_i,"Chancellor's Guard I",6134,2699,981,16,"A guard of the chancellor's court, standing nearer the throne than anything should.",dark;dragon
chancellors_guard_ii,"Chancellor's Guard II",6134,2699,981,9,"A guard of the chancellor's court, standing nearer the throne than anything should.",dark;dragon
hollow_herald,Hollow Herald,6134,2699,981,10,"The chancellor's herald, made of the same emptiness as its master.",dark;dragon
the_dark_lords_shadow,The Dark Lord's Shadow,9268,3422,1294,7,"The shadow the dark lord casts, cut loose and grown vast, holding the inner chamber until its master is ready.",dark;dragon
shadow_legion_i,Shadow Legion I,5149,2737,995,14,"A legion of the shadow's making, each one a lesser dark lord.",dark;dragon
shadow_legion_ii,Shadow Legion II,5149,2737,995,7,"A legion of the shadow's making, each one a lesser dark lord.",dark;dragon
shadow_legion_iii,Shadow Legion III,5149,2737,995,10,"A legion of the shadow's making, each one a lesser dark lord.",dark;dragon
wing_of_ash,Wing of Ash,5149,2737,995,13,"The shadow's eye, circling the chamber and reporting your every breath.",dark;dragon
the_dark_lord,The Dark Lord,9399,3470,1312,7,"The master of the citadel and the shadow over every road you walked: a lord of storm, shadow, and dragonfire who does not intend to lose the last room.",dark;dragon
dragonfire_herald,Dragonfire Herald,5222,2776,1010,16,"The dark lord's herald, whose stripes are the drake-fire of the spine road.",dark;dragon
bloodsworn_guard,Bloodsworn Guard,5222,2776,1010,13,"A guard sworn in dragon's blood and armored in the mountain's own skin.",dark;dragon
