id,type,name,design,rank,role,base_atk,base_def,passive_name,passive_text,lore,tags,kind,rarity,tier
cinder-squirrel-of-fire,card,Emberhoard Squirrel,"A small red squirrel in a scorched hollow, its cheeks glowing like embers as it hoards acorns that smolder, painted in warm autumnal concept art.",,,,,,,"Born in a hollow the first wildfire never quite finished eating, it learned to hoard what fire leaves behind. Its cheeks glow with borrowed embers, and the acorns it buries smolder for years before they split. Treasure-hunters who follow the faint smell of smoke find only their own scorched footprints leading back.",fire,,,
dark-chicken-of-the-ruins,card,Ruincrest Chicken,"A gaunt shadow chicken with a hunched silhouette, ragged tail feathers trailing like torn cloth, a thin hooked beak and a jagged comb. Feathers read as matte smoke and soot, edges fraying into wisps, eyes glowing faint ember. It leans forward mid-step, wings half-spread, expression wary and sly. Palette of charcoal grey, bruised purple, and dim amber glow against a broken stone ruin at dusk. cartoonish, dramatic rim lighting, rich saturated color with accents",1,,9,62,,,"No one remembers which empire it once belonged to, only that it refuses to leave the rubble. It scratches through ash for seed and memory alike, its ragged comb lit by the last ember of a dead hearth. To hear it crow at dusk is said to be an omen that the ruins are about to remember your name.",dark,,,
dark-deer-of-the-tundra,card,Gloamstag of the Tundra,"A tall slender deer with long branching antlers trailing wisps of smoke, its lean silhouette sharpened by thin legs and a ragged mane. Matte charcoal hide, curling shadow-smoke instead of fur along the spine, hooves like polished jet. It strides forward, head tilted, hollow glowing eyes calm and unreadable. Ink black, bruised violet and cold blue haze. It crosses a wind-scoured snow plain under a dim moon. cartoonish, dramatic rim lighting, rich saturated color with accents",1,,39,72,,,"It walks the white emptiness where the sun is a rumor and the moon is a landlord. Its antlers shed not velvet but smoke, writing brief dark runes against the snow that vanish before they can be read. Travelers who glimpse it swear it was waiting for them, and that it already knew the way home.",dark,,,
dark-cat-of-the-crypts,card,Cryptshade Cat,"A compact crouching cat with oversized ears, a bottle-brush tail and shoulders hunched into a rounded silhouette. Its short fur is soot-dark and dusty, ribbed with faint smoky stripes that bleed off the edges into curling vapour. It freezes mid-prowl, pupils wide and wary, one paw lifted. Plum shadow, warm ember-grey and dim candle amber. It slinks between toppled stone coffins in a dusty vault. cartoonish, dramatic rim lighting, rich saturated color with accents",1,,33,46,,,"It was interred with a noble house and simply never agreed to leave. By day it is a smudge of soot between the coffins; by night it is the reason the candles gutter. It keeps the vault tidy, chasing out mice and lesser ghosts alike, and has never once knocked over an urn it did not mean to.",dark,,,
dark-and-fire-tiger-of-the-forest,card,Cinderstalk Tiger,"A massive forest tiger with a broad heavy frame, short powerful legs and a blunt square head, its striped coat of charcoal shadow-smoke smoldering with molten ember seams that glow through the fur. It pads forward low and deliberate, shoulders rolling, head tilted with a slow predatory smirk. Palette of soot black, deep crimson and glowing orange with faint purple smoke haze. Setting: a charred woodland clearing where embers drift between blackened trunks. cartoonish digital illustration, dramatic rim lighting, rich saturated color with accents",1,,69,45,,,"When the old forest burned, one tiger refused to run and the fire made a home in it instead. Its stripes are seams of molten ember that breathe with every low growl. It pads through the blackened trunks at dusk, and the charred woods lean in to listen when it passes.",dark;fire,,,
cat-of-grass,card,Thornwhisker Prowler,"A sleek cat of grass, silhouette defined by a long arcing tail ending in a feathered seed-head and tall ears sprouting reed blades. Fur is fine turf-like grass with visible individual blades, paw pads like soft clover, eyes glowing pale green. Crouched low in a playful hunter's stalk, one paw raised, whiskers of bent grass, tail curled high with a sly, mischievous grin. Fresh spring green shading into yellow-green highlights, dandelion fluff drifting. Setting: a wildflower meadow with tall swaying grass. cartoonish digital illustration, dramatic rim lighting, rich saturated color with accents",1,,84,100,,,"It is not made of grass so much as grown from it; every blade on its coat leans toward the light it is hunting. In spring its tail opens into a seed-head and the meadow quietly reseeds itself wherever it walks. Farmers leave it a saucer of milk and a wide berth. It has never been caught, only thanked.",grass,,,
mouse-of-electric,card,Voltwhisker Mouse,"A small but mighty mouse of electric charge, silhouette compact with huge round ears like lightning rods and a long tail that forks into sparking filaments. Fur is a bristling static fuzz, whiskers are fine arcing wires, paws tipped with tiny glowing claws, body traced by crackling arc-light. It stands on hind legs, back arched, cheeks puffed mid-shout, sparks leaping between its ears. Bright electric yellow and white-hot arcs against deep violet shadows. Setting: a storm-dark plain humming with charge. cartoonish digital illustration, dramatic rim lighting, rich saturated color with accents",1,,77,41,,,"Lightning struck a granary, and something small and defiant inside decided to keep the charge. Now it stands on its hind legs in the middle of storms, cheeks puffed, daring the thunder to try again. The arcs between its ears can light a lantern, or stop a larger predator's heart, whichever comes first.",electric,,,
beaver-of-electric,card,Stormtooth Beaver,"A stocky beaver with a broad flat tail that splits into crackling lightning-shaped ridges, its fur a bristling storm-grey shot through with white-hot filaments, incisors glowing like charged copper. Static arcs leap between its buck teeth and the tips of its twitching ears, and its flattened tail hums with blue-white current. It stands braced on a half-chewed log, nervous and jittery, sparks popping from its paws. Palette of storm violet, electric blue and burnt copper. Setting: a flooded timber marsh under a gathering thunderhead. cartoonish digital illustration, dramatic rim lighting, rich saturated color with accents",1,,33,34,,,"It dammed a river with felled trees and, one summer, with a thunderhead that got too close. Now its buck teeth glow like charged copper and its flat tail hums with current. The marsh around its lodge is permanently bright with blue-white sparks, and the fish have learned to swim around it.",electric,,,
lion-of-electric-and-dark,card,Nightstorm Lion,"A colossal lion whose mane erupts into a crown of branching lightning, each strand fraying into curls of black smoke at the tips, so the silhouette reads as a great solar flare around a heavy feline body. Its hide is plated in storm-cloud velvet and scorched obsidian, chipped along the shoulders, with arcs of blue-white charge crawling between the plates and tiny embers of soot drifting from its paws. It stands mid-roar, one forepaw raised, jaw wide, eyes glowing like split filaments, tail lashing a thin whip of current. Deep indigo and charcoal dominate, cut by jagged violet-white arcs and the dull orange of dying embers. It prowls a shattered night plateau beneath a sky torn by silent lightning. cartoonish digital illustration, dramatic rim lighting, rich saturated color with accents",1,,95,31,,,"Its mane is a standing storm that never breaks, black smoke curling from the tip of every bolt. It was born in the seam between a thundercloud and a moonless night, and it belongs to neither. When it roars, the sky answers with silent lightning and the plateau holds its breath.",electric;dark,,,
badger-of-ice-and-electric,card,Frostarc Badger,"A stocky badger with a broad wedge-shaped head and a low, powerful silhouette, its back bristling with jagged ice prisms that crackle with forked arcs of blue-white electricity leaping between the shards. Its fur is coarse frost-rimed guard hair over dense underfur, the claws translucent like frozen crystal, while thin veins of glowing charge run beneath the skin of its shoulders and snout, and its breath puffs as glittering frost. It stands braced and snarling, shoulders hunched, jaws parted to show icicle teeth, eyes narrowed and defiantly bright. Colour story: glacier cyan and deep indigo pricked with hot violet arc-light and pale foam-white highlights. Setting: a frozen riverbank at dusk, shattered ice plates glowing faintly underfoot. cartoonish digital illustration, dramatic rim lighting, rich saturated color with accents",1,,28,15,,,"It dens in the glacier where the ice is thinnest, so the charge beneath the world can reach it. Jagged prisms bristle down its back, and arcs leap between the shards whenever it snarls. It has dug through frozen rivers for a living and regards the thaw as a personal insult.",ice;electric,,,
deer-of-grass-and-dark,card,Mossgloom Stag,"A tall slender stag whose antlers unfurl into branching green stalks tipped with seed heads, its elegant silhouette half-swallowed by curling shadow. Its hide is velvet moss and bark texture, spotted with luminous pollen that drifts from its flanks, while the shadow pooling around its legs is dense ink-black smoke threaded with glowing spores. It steps forward with regal calm, head lifted, one foreleg raised delicately, eyes serene and knowing, a faint green light burning in them. Colour story: deep forest emerald and sunlit chartreuse against bruised violet-black shadow. Setting: a moonlit meadow edge where tall grass fades into a wall of dark trees. cartoonish digital illustration, dramatic rim lighting, rich saturated color with accents",1,,91,23,,,"Its antlers flower with seed-heads that never fall, even as the shadow around its hooves drinks the light. It walks the border where meadow becomes forest, and both bow as it passes. Poachers who follow its pollen trail come back years later, gently, with no memory of hunting at all.",grass;dark,,,
rabbit-of-fire,card,Emberleap Hare,"A small hare with an exaggerated lean silhouette, long ears streaming backward into ribbons of flame, hind legs coiled and oversized with heat-shimmer blurring their edges. Its fur is singed velvet streaked with soot, ear-tips and paws glowing like coals, whiskers thin filaments of ember, tufts of ash drifting from its tail. It is caught mid-leap, body stretched, ears flattened flat and eyes wide with wild glee, a tiny fierce grin showing. Colour story: scorched charcoal and deep rust shot through with blazing orange, yellow sparks and drifting grey soot. Setting: a blackened grassland at night where small fires smoulder between wildflowers. cartoonish digital illustration, dramatic rim lighting, rich saturated color with accents",1,,65,18,,,"It outran a grass fire and carried a spark of it away in its heels. Now every leap leaves a line of tiny flames in the grass, and its ears trail ribbons of smoke that unravel behind it. It is not cruel, only fast, and it thinks the whole burning world is a game worth winning.",fire,,,
dog-of-dark,card,Shadefang Hound,"A lean, low-slung hound whose back arches into a jagged ridge of bristling fur, its silhouette all sharp shoulders and a tail that tapers to a smoky wisp. Its hide looks like matte charcoal velvet dusted with ash, ribs faintly showing, and where its eyes and maw open there is only curling black smoke with two dim ember-red pinpricks. It slinks forward with head lowered and teeth bared in a silent snarl, wary and predatory. The palette is deep charcoal, soot grey, and bruised violet with a single dull red glow. It prowls a moonless alley of drifting shadow. cartoonish digital illustration, dramatic rim lighting, rich saturated color with accents.",1,,65,90,,,"It belonged to a gatekeeper who stepped into the dark and never stepped back out. The hound kept the post anyway, ribs showing through charcoal fur, eyes two red pinpricks in a cloud of smoke. It snarls at anything that tries to pass, and quietly lets through whoever the old gatekeeper would have.",dark,,,
deer-of-electric,card,Voltstag,"A slender stag crowned with antlers that split into branching lightning rods, each tine crackling with blue-white arc-light, its hide a sleek storm-grey coat streaked with glowing circuit-like veins of charge. Its fur is short and metallic, faintly humming, the antler tips capped in copper nodes that spark and shed tiny forked filaments, while static lifts the fur along its spine into a soft electric bristle. It stands mid-step, one foreleg raised and poised, head tilted with alert, startled curiosity, eyes wide and luminous. The colour story is electric cobalt and silver-white against dusky indigo, with hot violet accents where arcs jump. It pauses in a rain-slick meadow just before a thunderhead, droplets suspended around its antlers. cartoonish digital illustration, dramatic rim lighting, rich saturated color with accents",1,,14,60,,,"It grazes the rain-slick meadow just before a storm, antlers raised like rods waiting for the strike. Charge runs in circuit-veins beneath its metallic coat, and droplets hang frozen around it in defiance of gravity. It is more curious than dangerous, but it has never learned not to touch things.",electric,,,
firefly-of-fire,card,Cinderlantern Firefly,"A stout, round firefly with a lantern abdomen blazing like a coal-filled furnace, its whole shell charred black and veined with glowing ember cracks, wings translucent amber singed at the tips and shedding soot and sparks as it flies. Its body is soot-soft and velvet, the carapace flaking like burnt wood, tiny legs tipped in red-hot filament, and the lantern pulses with layered orange, gold, and deep crimson heat that spills smoke. It hovers eagerly, wings spread wide, expression bright and mischievous with wide delighted eyes. The palette burns in molten orange, scorched black, and cherry red against a smoky taupe haze. It dances above a summer field at dusk, drifting ash motes rising around it. cartoonish digital illustration, dramatic rim lighting, rich saturated color with accents",1,,2,75,,,"It was a lantern that flew into a furnace and decided it preferred the air. Its abdomen holds a coal-filled furnace's worth of heat, and its charred shell cracks with veins of ember. It dances over summer fields at dusk, trailing ash and delight, guiding lost travelers just far enough to lose them again.",fire,,,
horse-of-ice,card,Glaciermane Steed,"A proud horse of living ice, its silhouette lean and sculptural with a long flowing mane that fans into jagged crystal shards and a tail like a frozen waterfall. Its body is faceted translucent blue-white ice, hairline fractures catching prismatic light, hooves clear as glacier glass, breath curling into frost plumes. It stands rearing slightly, head arched high, ears tipped forward, eyes calm and knowing, an icy exhalation drifting from flared nostrils. Palette of pale glacier blue, deep frost navy, and prismatic rainbow glints over snow white. It stands atop a frozen lake at dusk, a low winter sun breaking through ice fog. cartoonish digital illustration, dramatic rim lighting, rich saturated color with accents",1,,44,2,,,"Its mane shatters into crystal shards and grows back overnight; its hooves are clear as glacier glass. It was carved by a winter that outlived its own season, and it has been running ever since to keep warm. On a frozen lake at dusk, its breath hangs in the air longer than the cold should allow.",ice,,,
owl-of-dark,card,Gravewing Owl,"A hooded owl of shadow, its silhouette broad and cloaked with ragged wing-feathers that fray into drifting smoke. Its plumage is soft charcoal and ink-black, smoking at the edges, with faint purple underglow seeping from between the vanes, and talons of polished obsidian. It perches hunched and watchful, one wing half-spread, head turned back over its shoulder, huge luminous violet eyes narrowing in a silent predator's stare. Palette of deep shadow black, bruised violet, and pale moon-grey accents. It sits on a dead twisted branch above a misted graveyard in low fog. cartoonish digital illustration, dramatic rim lighting, rich saturated color with accents",1,,27,34,,,"It nests in the dead branch above the graveyard and keeps a ledger of everyone who passes beneath it. Its feathers fray into drifting smoke, and its violet eyes are the last thing many small creatures see. It is not malicious; it is simply thorough, and it never forgets a face.",dark,,,
horse-of-fire,card,Pyremane Steed,"A mighty horse of living flame, silhouette powerful and wild with a mane and tail of roaring fire that streams upward like banners, hooves trailing sparks. Its hide is cracked blackened soot over molten seams, embers glowing between plates, breath venting smoke and cinders. It rears mid-gallop, forelegs raised, nostrils flared, eyes blazing, expression defiant and untamed. Palette of deep ember orange, searing yellow-white, and charred black with soot accents. Setting is a scorched volcanic plain at night, ash drifting through the hot updrafts. cartoonish digital illustration, dramatic rim lighting, rich saturated color with accents",1,,88,56,,,"Its mane and tail are banners of open flame, and its hide a crust of cooled lava over a molten heart. It was the last horse to leave a burning plain and the only one that came back for the rest. When it rears, the night sky turns the color of the ground it left behind.",fire,,,
dog-of-water,card,Tidefetch Hound,"A loyal dog of water, silhouette sleek and athletic with a curling tail and a back fin-like crest of foam, ears flowing like ribbons of current. Its body is semi-translucent liquid blue, fur rendered as streaming currents and droplets, paws leaving ripples, with a foaming collar around the neck. It bounds forward joyfully, front paws lifted, mouth open in a happy panting grin, tongue splashing into droplets, eyes bright and eager. Palette of deep ocean blue, turquoise, and crisp white foam accents. Setting is a sunlit rocky shore where waves crash and spray hangs in rainbow mist. cartoonish digital illustration, dramatic rim lighting, rich saturated color with accents",1,,28,10,,,"It is less a dog than a wave that learned loyalty. Its coat runs in currents, its collar is foam, and its paws leave ripples on dry stone. It will fetch anything thrown into the sea, sometimes even things that were never thrown, that the ocean had been keeping for years.",water,,,
cat-of-earth,card,Stonewhisker Cat,"A mighty feline with a robust, statuesque silhouette, its body covered in plates of stone and soil, with moss growing in the crevices. Its fur is a mix of textured rock and rich loam, and its eyes are polished amber gems. It stands tall and proud, tail raised, one paw resting on a boulder, expression calm and commanding. The palette is earthy: deep browns, ochres, and mossy greens, with veins of gold and copper. The setting is an ancient forest clearing with towering trees and a carpet of fallen leaves. cartoonish digital illustration, dramatic rim lighting, rich saturated color with accents",1,,82,4,,,"Its body is mortared from boulder and loam, and moss grows where the plates meet. It has sat on the same hillside for longer than the village below has existed, and it regards the passing centuries as mildly interesting. When it finally stretches, whole fields shift.",earth,,,
chicken-of-ice,card,Frostplume Chicken,"A rotund ice chicken with a plump, rounded silhouette, its feathers transformed into overlapping frosty shards and its comb a crown of icy spikes. The body is glassy and semi-translucent, with a soft inner glow like frozen moonlight, while its beak and legs are polished blue crystal. It stands proudly, chest puffed, one wing raised as if mid-flap, eyes wide with a comically fierce determination. The color story is pale cyan, frost white, and deep sapphire shadows. It struts across a frozen pond, snowflakes drifting around its clawed feet. cartoonish digital illustration, dramatic rim lighting, rich saturated color with accents",1,,99,99,,,"It was a farmyard hen that survived a winter no one else did and came out the other side glassy and glowing. Its comb is a crown of icy spikes, and moonlight pools inside its translucent breast. It struts across the frozen pond like it owns the season, and as far as the pond is concerned, it does.",ice,,,
chicken-of-fire,card,Cindercomb Chicken,"A compact, fierce barnyard chicken with an exaggeratedly tall, jagged comb and a fan of stiff tail feathers that flare like a small flame. Its plumage is layered like scorched copper shingles, tipped with glowing ember edges and dusted with fine soot, while its scaly legs look like cooling lava crust. It struts forward with chest thrust out and one claw lifted, beak open in a defiant crow, eyes narrowed and bold. The palette runs deep charcoal and burnt umber into vivid orange, crimson, and gold highlights. It stands in a smoldering farmyard of cracked earth and drifting sparks. cartoonish digital illustration, dramatic rim lighting, rich saturated color with accents",1,,55,1,,,"Something in the smoldering farmyard decided a chicken would make a fine little volcano. Its feathers are scorched-copper shingles with ember edges, and its legs are cooling lava crust. It crows at dawn to wake the ash, and the ash always rises.",fire,,,
horse-of-earth,card,Claymane Stallion,"A mighty draft horse with a heavy arched neck, braided mane of woven roots, and hooves like rounded boulders. Its hide is craggy clay and stone, ridged with mineral veins and crusted with patches of soil and lichen, though its eyes glow with warm, living light and its breath puffs faint dust. It rears slightly, forelegs lifted, mane tossing, expression calm but immensely powerful. The palette is terracotta, sandstone, and deep brown with jade and amber mineral accents. It stands on a windswept plateau of cracked earth and scattered standing stones. cartoonish digital illustration, dramatic rim lighting, rich saturated color with accents",1,,54,46,,,"Its mane is braided roots and its hide is craggy clay veined with jade and copper. It was shaped from the standing stones of a plateau that grew tired of standing still. When it paws the ground, the cracks spread a little farther, and somewhere a mountain feels the itch.",earth,,,
cat-of-electric-and-fire,card,Blazefang Lynx,"A lean, long-legged plains cat with a whip-thin tail and tall pointed ears, its hide a crackling pelt of scorched ember-fur veined with bright arc-light. It crouches mid-pounce, back arched, whiskers sparking, mouth open in a fierce grin, one paw raised to strike. Palette of amber gold, burnt orange and charcoal black split by jagged white-blue lightning flashes. Setting: dry grass plains at dusk with distant thunderheads and drifting ash. cartoonish digital illustration, dramatic rim lighting, rich saturated color with accents",1,,7,26,,,"It is a plains cat that chased two storms at once and caught a piece of each. Ember-fur crackles with arc-light, and its whiskers spit sparks when it grins. It hunts in the dry grass at dusk, and the thunderheads on the horizon lean toward it like old friends.",electric;fire,,,
cat-of-fire,card,Forgeheart Cat,"A plump tabby cat dozes by a blacksmith's forge, its fur faintly glowing with ember runes as small flames curl from its tail; warm, painterly character concept.",,,,,,,"It dozes by the blacksmith's forge and pretends not to be made of fire. Ember runes glow faintly through its fur, and its tail curls into small, well-behaved flames. The smith long ago stopped questioning it, and simply sets out a second bowl of milk, warm of course.",fire,,,
beaver-of-ice,card,Frostdam Beaver,"A compact beaver with a crystalline flat tail refracting light, its fur frosted into pale prismatic shards along the back and ears. Icy crust over glossy pelt, breath fogging into glittering frost motes. It crouches low, ears flat, watchful and still amid the cold. Palette of pale glacier blue, bone white, and faint violet prism shimmer. A shadowed stone crypt dusted with frost and old carvings. cartoonish, dramatic rim lighting, rich saturated color with accents",1,,62,11,,,"Its flat tail is a slab of crystal that splits light into color, and frost shards tile its back. It builds its dams in the coldest reaches of the river, where the current freezes mid-sentence. The crypt it dens beside was old when the ice first came, and it has outlasted every attempt to thaw it.",ice,,,
fat-cat-always-grinning,card,Cheshire Glutton,"A hugely overweight tabby cat with a perfectly circular silhouette and a grin stretched ear to ear, cheeks dimpled, eyes crinkled into pleased crescents. Fur is plush ginger-and-cream with darker marbled stripes, a soft wobbly belly spilling over stubby paws, and a tail curled into a neat question mark. It sits like a monument, chin lifted and unbothered, one paw raised as if mid-wave. Warm honeyed palette against a dim tavern corner with a plate of half-eaten fish. cartoonish digital illustration, dramatic rim lighting, rich saturated color with accents",1,tank,44,88,Cheshire Guard,Incoming damage to the party is reduced by 6%.,"It has never once stopped smiling, not through famines, sieges, or the day the fishmonger closed. Nobody can tell whether the grin is a threat or a joke, and the cat has declined to clarify. It is enormously fat, appallingly slow, and, as every thief in the district has learned, impossible to knock over.",physical,,,
rabbit-of-muscles,card,Brawnhare,"A compact, hyper-muscular hare standing on hind legs, shoulders bulging, chest broad and veined, front paws clenched into fists. Short dense fur of warm brown over exaggerated deltoids and thighs, long ears swept back like a boxer's headguard, one ear nicked. It glares forward in a braced stance with a tiny fierce scowl under a twitching nose. Palette of warm russet, cream underbelly, and hard shadow against a dusty training yard with a snapped tree stump. cartoonish digital illustration, dramatic rim lighting, rich saturated color with accents",1,dps,92,38,Iron Ears,+6% ATK for every other physical card in the party.,"It was the runt of a litter that survived by lifting twice its weight in turnips every morning. Now its haunches are carved from corded muscle, and its ears flex like steel cables when it tenses. It has never lost an arm-wrestle with anything smaller than a boulder, and it is still furious about the boulder.",physical,,,
extra-round-fluffy-chicken,card,Puffball Chicken,"A perfectly spherical chicken, so fluffed with down that its beak and feet barely protrude, forming an absurd round silhouette. Feathers are marshmallow-soft layered cream and pale gold, ruffled in dense overlapping rings, the comb lost entirely in the fluff. It stands stub-legged with wings splayed uselessly for balance, eyes two happy black beads, a faint surprised blink. Palette of warm vanilla, butter yellow, and soft shadow against a sunlit barn floor scattered with straw. cartoonish digital illustration, dramatic rim lighting, rich saturated color with accents",1,support,22,76,Fluff Armor,Redirects 5% of damage aimed at allies into its own feathers.,"It is less a chicken than a sphere of down that happens to have opinions. Its feathers have grown so thick and buoyant that weapons simply sink into them and lose their nerve. It has survived three fox raids, two winters, and one attempt to use it as a pillow, all without changing its expression by a single degree.",physical,,,
fiery-horned-sheep,card,Blazefleece Ram,"A stout ram with massive spiraling horns whose tips glow like forge-heated iron, its thick fleece smoldering in seams of ember and drifting ash. The wool reads as magma-crusted curls over dark basalt hide, chest broad and low to the ground, split hooves like cooling lava. It paws the ground mid-charge, head lowered, eyes narrowed and furious, a plume of smoke curling from its nostrils. Palette of deep char, burnt sienna, and searing orange against an ashen hillside. cartoonish digital illustration, dramatic rim lighting, rich saturated color with accents",1,tank,71,80,Molten Charge,The first attack each run scorches the attacker for 10% of its ATK.,"It grazes on scorched slopes where nothing else will grow, its wool smoldering gently as it chews. The horns are the hottest part; shepherds mark their flocks by the color of the flame off a ram's brow. It is a patient, heavy animal, right up until it decides to headbutt a mountain.",fire,,,
bark-snake,card,Barkscale Serpent,"A long serpent whose body is made of overlapping bark plates, moss furring the seams and small branches sprouting along its spine. Its head is a blunt wedge of weathered oak with knots for eyes and a forked twig tongue, mouth hinged wide. It rears up from a coil, splintered tail switching, expression ancient and patient. Palette of moss green, bark brown, and pale lichen grey against a misty forest floor crowded with ferns. cartoonish digital illustration, dramatic rim lighting, rich saturated color with accents",1,dps,84,47,Grove Camouflage,+10% ATK while any grass card survives in the party.,"It does not slither so much as unfurl, each scale a plate of living bark that creaks like an old branch. Hunters mistake it for a fallen log until the log opens an eye. It sleeps for a season at a time, rooted in the riverbank, and wakes hungry enough to swallow the season whole.",grass,,,
long-neck-turtle,card,Tideneck Tortoise,"An enormous sea turtle carved from living crystal, its faceted shell a dome of translucent blue-teal gemstone with prismatic light refracting through the panes and veins of inner glow tracing the seams. A long neck of segmented crystal scutes arcs up to a small, serene turtle's head with gentle dark eyes, and broad oar-like flippers catch rainbow glints as they stroke, patches of coral and algae clinging where the facets meet. It glides mid-stroke through green-blue water, neck curling in a lazy S. Palette of deep ocean teal, crystal jade, and abalone shimmer against shafts of light through kelp. cartoonish digital illustration, dramatic rim lighting, rich saturated color with accents",1,support,36,92,Deep Current,Reduces the party's dungeon power requirement by 4%.,"Its neck uncoils like a length of kelp, long enough to browse the seafloor without ever moving its shell. Sailors tie messages to its neck and let it wander; not all of them arrive. It has seen every coast at least twice and considers the whole ocean a single, slowly turning garden.",water,,,
huge-stone-frog,card,Boulderbelly Frog,"A colossal toad carved from stacked boulders, granite plates for skin with moss and quartz veins in the cracks, eyes two polished amber domes. It crouches low and square, throat inflated, front legs like quarry blocks, each toe capped in flint. Dense and immovable, dust sifting from its back as it turns its head. Palette of granite grey, ochre, and moss green against a misted mountain quarry. cartoonish digital illustration, dramatic rim lighting, rich saturated color with accents",1,tank,58,95,Quarry Hide,Ignores 12% of enemy DEF.,"It sits so still that villages build walls around it before anyone notices it is a frog. Its skin is a mosaic of boulders and lichen, and its croak rolls down the valley like an avalanche starting. When it finally shifts, the ground remembers to move with it.",earth,,,
thunder-wolf,card,Thunderfang Wolf,"A lean, long-legged wolf with bristling storm-grey fur shot through with white-hot filaments, arcs jumping between its ears and the ridge of its back. Fangs glow like charged copper, eyes bright electric blue, a collar of static fuzz around the neck. It lopes forward mid-stride, jaws parted in a silent howl, paws leaving scorch prints. Palette of storm indigo, electric blue, and silver against a dark plain beneath a gathering thunderhead. cartoonish digital illustration, dramatic rim lighting, rich saturated color with accents",1,dps,90,49,Chain Howl,+5% ATK while any electric card is in the party.,"It runs ahead of every storm, howling to call the lightning down and then racing it home. Its fur stands on end in a permanent bristle, and its fangs hold a charge long after the sky has gone quiet. It has never been struck, which it interprets as a standing invitation.",electric,,,
sunflower-lion,card,Sunbloom Lion,"A proud lion whose mane is a single enormous sunflower, its petals radiating outward in one dense golden disc with the lion's face set at the center like a dark seed-heart, a few thick stalks and leaves trailing down the neck. Body is warm tawny fur over lean muscle, paws and tail tipped with green shoots, eyes bright amber. It stands head high, the great bloom turning slowly toward the sun, pollen and drifting seeds behind it. Palette of sunflower gold, olive green, and warm umber against a bright meadow at noon. cartoonish digital illustration, dramatic rim lighting, rich saturated color with accents",1,support,68,61,Photosynthesis,Restores 3% party power at the start of each run.,"Its mane is a living crown of sunflowers that turns to face the light, even underground. Where it sleeps, the soil turns black and rich, and next spring a ring of new blooms points toward the spot. It is gentle with everything except shade.",grass,,,
tiger-of-darkness,card,Gloomstalker Tiger,"A massive tiger rendered almost entirely in layered shadow, its stripes darker voids cut by faint violet underglow, eyes two luminous points. Fur reads as drifting smoke with edges that fray into the night, shoulders broad and low, tail a curl of black vapour. It pads forward half-dissolved, one paw emerging while the rest melts into darkness. Palette of ink black, bruised violet, and cold moon-silver against a misted graveyard at midnight. cartoonish digital illustration, dramatic rim lighting, rich saturated color with accents",1,dps,95,55,Umbral Pounce,Ignores 10% of enemy DEF.,"It has no outline of its own, only the suggestion of one where the dark refuses to sit still. Villages leave it offerings not out of fear but habit, and the offerings are always gone by morning. It has never been photographed, painted, or believed, which suits it perfectly.",dark,,,
lightning-horse,card,Stormbolt Stallion,"A wild, untamed horse with a shaggy natural coat and a rough earthy tail, its mane replaced by streaks of forked lightning that stream back over its neck and shoulders like a windswept crest, each bolt flickering and fraying into sparks. Body is a broad storm-grey hide of wind-blown fur, hooves striking sparks from the ground, static lifting the coat along its spine. It gallops full-tilt, head low and wild, nostrils flared, mane of lightning trailing behind. Palette of electric cobalt, silver-white, and deep indigo against a rain-slick plain. cartoonish digital illustration, dramatic rim lighting, rich saturated color with accents",1,dps,89,52,Overcharge,+4% ATK for every electric card in the party.,"It was born the instant a bolt struck the earth and left a foal standing in the crater. It runs faster than the sound of its own hooves and arrives before the rain. Choosing it is not a matter of catching it, only of keeping up.",electric,,,
translucent-air-floating-octopus,card,Wispfloat Octopus,"A ghostly octopus adrift at night, its body a translucent violet specter glowing from within with purple bioluminescence, soft light pulsing down the length of its eight trailing tentacles. Skin is misty and half-transparent, edges bleeding into wisps of cold fog, small luminous eyes and glowing suckers dotting each arm. It floats upright in the dark, tentacles curling and swaying in a slow hypnotic drift. Palette of deep indigo night, glowing amethyst and orchid, with pale lavender highlights against a black sky and faint stars. cartoonish digital illustration, dramatic rim lighting, rich saturated color with accents",1,support,52,44,Levitation,Raises party power by 5% while it is equipped.,"It is mostly air held together by curiosity, visible only as a shimmer and a slow ripple of tentacles. It drifts wherever the draft goes, and the draft, for reasons of its own, prefers to follow interesting people. It cannot be grabbed, only politely tolerated.",physical,,,
rolling-stone-hedgehog,card,Rollstone Hedgehog,"A round hedgehog armored with smooth river stones and chips of slate embedded among its quills, forming a near-perfect boulder shape. Grey and moss-flecked, small dark paws tucked, snout peeking from a gap in the stone plates, one bright eye. It leans forward at the top of a slope, about to commit, dust and pebbles shifting underfoot. Palette of granite grey, river brown, and moss green against a dusty foothill trail. cartoonish digital illustration, dramatic rim lighting, rich saturated color with accents",1,tank,57,87,Rolling Guard,Reduces incoming damage by 7% once it has moved this run.,It curls into a ball so dense with embedded stones that it no longer bothers to unroll for much. Downhill is its preferred direction and its only real plan. It has started more avalanches by accident than most mountains manage on purpose.,earth,,,
rolling-boulder,card,Rolling Boulder,"A colossal round creature of stacked stone plates bound by moss and old mortar, its stubby limbs tucked tight so the silhouette reads as one perfect boulder, a single glowing amber eye set deep in a crack. Chips of granite and river rock orbit it as it rolls, a plume of dust trailing behind. Palette of granite grey, moss green, and ember amber against a dusty mountain slope at dusk. cartoonish digital illustration, dramatic rim lighting, rich saturated color with accents",,,,,,,"It has no legs it trusts and no brakes at all, so it simply commits to the slope and lets gravity do the thinking. Villages in the valley below measure their years by the fresh furrow it leaves. It is not chasing anything; it has simply never found a reason to stop.",earth,,,
scythe-mantis,card,Scythe Mantis,"A towering praying mantis whose two arms each end in an enormous curved scythe of polished steel, the long metal blades bolted to its chitin and catching cold glints of light, veins of green still showing beneath the plates. Wings fold into a cloak of grass blades, antennae are thin stalks tipped with seed heads, eyes a cluster of pale jade facets. It rises from a crouch with both great scythes raised mid-swing. Palette of spring green, sunflower yellow, and gunmetal steel against a sunlit meadow. cartoonish digital illustration, dramatic rim lighting, rich saturated color with accents",,,,,,,"It waits in the tall grass so still that the meadow forgets it is there, then folds a bird out of the air in a single green blur. The scythes bolted to its arms are sharpened after every molt, and it has never once needed a smith. Farmers speak of it the way they speak of a good harvest: with respect, and from a distance.",grass,,,
treeback-mammoth,card,Treeback Mammoth,"A massive woolly mammoth whose back has become a small forest, moss and grass carpeting its hide and a gnarled sapling rising between its shoulders, roots threading down its flanks. Tusks are bark-wrapped and curved, the trunk draped with hanging vines. It walks with slow, monumental weight, birds circling overhead. Palette of forest green, warm brown, and grey stone against a misty valley. cartoonish digital illustration, dramatic rim lighting, rich saturated color with accents",,,,,,,"A forest grew on its back so slowly that neither noticed. It carries the grove from valley to valley, and the birds nesting in it have been the same families for generations. When it finally lies down, a new wood will stand where it rested.",grass,,,
fire-mane-wolf,card,Fire Mane Wolf,"A lean wolf with a great mane of licking flame, fur scorched black at the roots and glowing ember-orange at the tips, the tail a trailing ribbon of fire. Its paws leave small burns on the ground and its breath vents smoke. It lopes forward, jaws parted, eyes bright molten gold. Palette of charred black, deep rust, and searing orange against a dry hillside at night. cartoonish digital illustration, dramatic rim lighting, rich saturated color with accents",,,,,,,"Its mane is a banked fire that never quite goes out, and it shakes sparks loose when it runs. It hunts the dry hills in a pack of one, because nothing else can keep up with the heat. At night it looks like a torch moving through the brush, and the brush has learned to part.",fire,,,
sword-beak-crane,card,Sword Beak Crane,"An elegant crane with impossibly long legs and a slender neck, its beak a long straight sword of polished steel-grey, wings capped with bladed pinions. Feathers are white and pale blue tipped with black, a red crown sweeping back. It stands balanced on one leg, beak pointed forward in a fencer's stance. Palette of bone white, steel blue, and crimson against a misty marsh at dawn. cartoonish digital illustration, dramatic rim lighting, rich saturated color with accents",,,,,,,"It fishes rivers that have long since dried and practices its thrust on the wind. The blade on its face was not forged; it grew, and it never dulls. Duelists travel a long way to lose to it, and it is always polite about the outcome.",physical,,,
horned-beaver,card,Horned Beaver,"A stocky beaver with curling ram-like horns of dark iron, its flat tail ridged like a shield and its incisors capped in ore. Fur is dense brown over a broad, low body, paws tipped with flint claws. It stands braced on a half-built dam, shoulders squared, eyes small and stubborn. Palette of warm brown, iron grey, and moss green against a flooded woodland. cartoonish digital illustration, dramatic rim lighting, rich saturated color with accents",,,,,,,"It sharpened its teeth on a riverbed of iron and grew horns to match. Its dams hold back more than water: whole seasons pool behind them, and the forest downstream has forgotten what spring felt like. It is a patient builder and a terrible neighbor.",earth,,,
horned-rabbit,card,Horned Rabbit,"A compact hare with two short, sharp, antelope-like horns rising from its brow, oversized muscular hind legs and long ears swept back. Fur is warm tan and cream, the horns pale bone, nose twitching. It pauses mid-bound, ears half-flattened, eyes wide and wary. Palette of warm russet, cream, and stone grey against a windblown heath. cartoonish digital illustration, dramatic rim lighting, rich saturated color with accents",,,,,,,"It grew a pair of horns to look dangerous, then discovered they were excellent for digging. Now it tunnels through roots and rocks alike, and its warren runs under half the moor. It is still easily startled, which is the one thing that keeps the moor interesting.",physical,,,
mushroom-back-turtle,card,Mushroom Back Turtle,"A squat earth turtle whose shell is buried beneath one enormous mushroom, a broad vermilion cap with pale gills and a spotted white stalk rising from moss-covered plates. The turtle is serene and slow, stubby legs sinking into wet leaves as spores drift in shafts of light. Palette of vermilion red, cream, and deep forest green against a gloomy woodland floor. cartoonish digital illustration, dramatic rim lighting, rich saturated color with accents",,,,,,,"A single vast mushroom grows from its shell, older than the turtle and, some say, in charge. Spores drift from it in slow gold clouds, and whatever they settle on grows a little too well. It walks the damp forest floor like a mobile, patient garden.",grass,,,
sleepy-bear,card,Sleepy Bear,"A huge, lumbering bear with heavy drooping eyelids and a belly like a boulder, thick shaggy fur matted with twigs and old leaves, one ear scarred. It yawns mid-stretch, arms wide, claws longer than they have any right to be. Palette of deep brown, grey, and sleepy amber against a shadowed cave mouth. cartoonish digital illustration, dramatic rim lighting, rich saturated color with accents",,,,,,,"It has slept through three wars and one flood and considers all of them interruptions. Its den is lined with the armor of would-be hunters who mistook stillness for weakness. When it finally wakes hungry, the whole mountain hears about it.",physical,,,
frost-antler-elk,card,Frost Antler Elk,"A tall elk whose antlers are branching spires of translucent blue ice, light refracting through them in bright shards, its coat pale grey-white fur rimed with frost. Breath plumes into crystal and hooves leave ice in their prints. It stands head high in falling snow, eyes calm and pale. Palette of glacier blue, bone white, and deep sapphire against a snowy pine forest. cartoonish digital illustration, dramatic rim lighting, rich saturated color with accents",,,,,,,"Its antlers are a coat of frost that never melts, grown into branches of clear blue ice. It walks the treeline where winter refuses to leave, and the cold follows it like a well-trained hound. To see it in summer is a rumor; to see it in winter is a warning.",ice,,,
glimmering-jellyfish,card,Glimmering Jellyfish,"A floating jellyfish whose bell is a dome of translucent glass, lit from within by rippling bands of cyan and violet light that run down long trailing tentacles. Its body is ghostly and soft-edged, trailing threads of luminous mist. It drifts upright in the dark water, tendrils curling. Palette of deep indigo, glowing cyan, and pale violet against a black ocean glimmering with plankton. cartoonish digital illustration, dramatic rim lighting, rich saturated color with accents",,,,,,,"It is a lantern that learned to swim. Light travels down its tentacles in slow pulses, and creatures that follow it tend not to come back to the surface. Sailors call the glow a false harbor, and they are not entirely wrong.",water,,,
magma-crocodile,card,Magma Crocodile,"A long, low crocodile of black basalt plates split by glowing seams of lava, its ridged back a line of dark volcanic rock with molten orange running between the cracks, jaws slightly open to show ember teeth and a haze of heat. One claw grips a smoking rock. Palette of basalt black, molten orange, and ash grey against a cracked volcanic riverbed. cartoonish digital illustration, dramatic rim lighting, rich saturated color with accents",,,,,,,"It sleeps in the cracked riverbed where the lava runs shallow and wakes when the ground moves wrong. Its hide is cooled basalt over a furnace, and the heat leaking from its jaws boils the water ahead of it. The old ferry crossing is now called its crossing.",fire;earth,,,
magma-turtle,card,Magma Turtle,"A squat tortoise whose shell is a cracked volcanic dome, molten orange glowing through the fissures and thin smoke rising from the vents, its stubby legs cooling basalt. The neck is wrinkled and the eyes ancient and calm. It plods forward across dark igneous rock. Palette of basalt black, ember orange, and ash grey against a smoking lava plain. cartoonish digital illustration, dramatic rim lighting, rich saturated color with accents",,,,,,,"Its shell is a small caldera, and the vents along its rim smoke gently as it walks. It has been crossing the same lava field for a century, one slow step at a time, and the field has learned to make way. Nothing grows where it has rested.",fire;earth,,,
sword-bee,card,Sword Bee,"A large jet-black bee, its whole body a glossy soot-dark fuzz with only the faintest amber sheen, transparent wings blurred mid-beat. From the tip of its abdomen juts a long straight sword, steel hilt and all, angled forward like a lance ready to spear. It hovers in a fencing guard, front legs raised, compound eyes bright. Palette of pure black, cold steel, and dim amber against a sunlit summer meadow. cartoonish digital illustration, dramatic rim lighting, rich saturated color with accents",,,,,,,"Its stinger grew long, straight, and edged, and the hive decided it was a soldier. It now patrols the meadow like a duelist, and the flowers still pay their tithe in pollen. It has never missed, and it never will.",physical,,,
giant-mosquito,card,Giant Mosquito,"A monstrous mosquito with a needle-like proboscis longer than its own body, translucent veined wings spread wide, and six long spindly legs. Its body is a swollen dark grey, eyes a cluster of deep red facets, a faint iridescent sheen on the wings. It hovers in the gloom, abdomen pulsing. Palette of swamp green-black, blood red, and dim amber against a foggy marsh at night. cartoonish digital illustration, dramatic rim lighting, rich saturated color with accents",,,,,,,"It hatched in a swamp that had been fed something it should not have been, and it has been hungry ever since. Its needle is longer than a spear and it prefers its meals to still be moving. The village keeps its windows shut and its lamplight low.",dark,,,
frost-spider,card,Frost Spider,"A pale spider whose body is a cluster of crystal nodules, eight legs of jointed clear ice ending in sharp points, a web of frozen silk strung between icicles. Frost crystals bristle from its abdomen, eyes bright and faceted. It crouches at the center of its web, patient. Palette of pale glacier blue, white frost, and faint violet against a frozen cave mouth. cartoonish digital illustration, dramatic rim lighting, rich saturated color with accents",,,,,,,"It spins its web between icicles and the silk freezes solid before it can sag. Its eight eyes catch the low winter sun and scatter it into cold little rainbows. Prey that wanders in is simply kept, perfectly and indefinitely.",ice,,,
rock-troll,card,Rock Troll,"A hulking brute of a troll, grey granite plates for skin, a hunched back crusted with boulders and moss, a heavy jaw with blunt tusks and small suspicious eyes. Enormous fists drag near the ground and one shoulder sprouts a tiny tree. Palette of granite grey, moss green, and dull brown against a rocky ravine. cartoonish digital illustration, dramatic rim lighting, rich saturated color with accents",,,,,,,"It is not made of stone; it simply carries so much of the mountain on its back that the difference stopped mattering. It sleeps under bridges and charges a toll of riddles, and it is not very good at riddles. Few travelers complain, because the alternative is the boulder.",earth,,,
snow-golem,card,Snow Golem,"A towering golem of packed snow and blue ice, its massive torso a blocky slab, arms wrapped in frozen rope and boulders for fists, a single glowing pale-blue rune set in its blank face. Frost crusts every edge and icicles hang from its shoulders. It stands mid-stride, snow drifting from its frame. Palette of pale blue, white, and deep winter shadow against a mountain pass at dusk. cartoonish digital illustration, dramatic rim lighting, rich saturated color with accents",,,,,,,"Someone built it to guard a pass and then never came back, so it guards the pass still. It is packed from snow that has not fallen in years, held together by stubbornness and cold. Its footprints refreeze behind it, which is how you know it has been very close.",ice,,,
mountain-goat,card,Mountain Goat,"A powerful mountain goat with broad spiral horns banded in brass and copper, a thick shaggy white-and-grey coat, and heavy split hooves braced on a near-vertical rock face. Muscular shoulders and a short beard. It stands sure-footed at the edge of a precipice, looking down with calm disdain. Palette of bone white, slate grey, and brass accents against a windswept alpine cliff. cartoonish digital illustration, dramatic rim lighting, rich saturated color with accents",,,,,,,It climbs cliffs that have no business being climbed and stands on ledges too small to hold it. The mineral veins it licks give its horns a brassy sheen. It has watched more climbers fall than it has ever bothered to count.,earth,,,
razor-leaf,card,Razor Leaf,"A floating leaf-creature shaped like a long curved blade of vivid green, its edges gleaming razor-thin, veins running down its length like a spine. A pair of small dark eyes and trailing thin stems give it a watchful face. A thin haze of drifting leaf-litter follows it. Palette of emerald green, lime, and autumn gold against a sunlit grassy field. cartoonish digital illustration, dramatic rim lighting, rich saturated color with accents",,,,,,,"It is a single leaf that decided it would rather be a blade. It drifts on the wind, catching light on green edges sharp enough to draw blood, and it remembers every hand that has tried to pick it. Meadows whisper about it in their own green way.",grass,,,
sword-fish,card,Sword Fish,"A sleek fish of pure, flawless white, its body unmarked and gleaming like polished bone, the dorsal fin a torn sail and the tail a crescent hammer. In place of a beak it carries a double-bladed sword, two long edges meeting at a point, fixed to its snout and cutting the water ahead. It lunges forward through a wall of spray, eye fierce. Palette of snow white and silver steel against deep ocean blue under a bright sky. cartoonish digital illustration, dramatic rim lighting, rich saturated color with accents",,,,,,,"It has run through three ships and apologized to none of them. Its bill is a blade honed by the pressure of the deep, and it practices on anything that floats. Fishermen who hook it are advised to let go of the rod.",water,,,
fire-monkey,card,Fire Monkey,"A nimble monkey with fur singed at the tips and a blazing tail curling like a question mark, small ember-orange flames dancing between its cupped hands. Mischievous wide eyes, a long prehensile tail, quick limbs caught mid-leap between branches. Palette of scorched brown, vivid orange, and deep crimson against a jungle canopy at dusk. cartoonish digital illustration, dramatic rim lighting, rich saturated color with accents",,,,,,,"It stole a coal from a campfire and has refused to give it back ever since. It juggles the flame between its hands when bored and throws it when angry, which is often. The whole canopy has learned to duck.",fire,,,
knuckle-monkey,card,Knuckle Monkey,"A stocky monkey with enormous overdeveloped arms and thick callused stone-grey knuckles, its body compact and lean, a flat determined brow over small bright eyes. It stands braced on its knuckles, weight forward, ready to charge. Palette of warm brown, stone grey, and pale cream against a dusty jungle clearing. cartoonish digital illustration, dramatic rim lighting, rich saturated color with accents",,,,,,,It walks on its fists because its arms grew too heavy to do anything else. Its knuckles are callused into stone and it settles every argument by punching the nearest tree. The tree usually loses.,physical,,,
firetail-boar,card,Firetail Boar,"A massive boar with a bristling ridge of spines along its back, tusks curved and tipped with ember light, and a tail that burns like a torch, trailing sparks. Heavy shoulders and a coarse black-brown hide. It paws the ground mid-charge, snout lowered, eyes burning red. Palette of charcoal black, burnt umber, and fiery orange against a dark forest floor. cartoonish digital illustration, dramatic rim lighting, rich saturated color with accents",,,,,,,"Its tail burns like a torch and it charges at anything that looks at it wrong. Herds follow the glow through the dark forest, and the boar leads them straight through anything in the way. When it stamps, the underbrush catches.",fire,,,
common_shard,material,Common Shard,"A jagged sliver of pale grey crystal, roughly leaf-shaped with a fractured base, floating upright so light catches its inner planes. Its surface is matte and cloudy like frosted glass, with dim white motes drifting inside and one chipped edge. Cool neutral palette of ash grey, bone white and faint silver. It hovers above a soft dark stone backdrop. game item icon, centered composition, soft rim lighting, rich saturated color with accents",,,,,,,,,shard,1,1
uncommon_shard,material,Uncommon Shard,"A faceted shard of vibrant jade-green crystal, tapered like a shard of bottle glass with a broken tip, hovering point-down. Veins of brighter emerald pulse beneath a polished cloudy surface, and mossy flecks cling to its base. Fresh greens with a hint of yellow at the core. It floats over a dark earthen backdrop. game item icon, centered composition, soft rim lighting, rich saturated color with accents",,,,,,,,,shard,2,2
rare_shard,material,Rare Shard,"A keen shard of deep sapphire-blue crystal, cut like a splinter of ice with a razor tip, suspended point-down. Its clear facet hides an inner glow of cobalt currents and a scatter of tiny white sparks, while condensation beads along the edges. Azure, cyan and deep navy palette. It floats over a dark cool-stone backdrop. game item icon, centered composition, soft rim lighting, rich saturated color with accents",,,,,,,,,shard,3,3
epic_shard,material,Epic Shard,"A slender shard of vivid amethyst crystal, its two long faces meeting at a sharp point, hovering tip-down. Deep violet light pulses in a vein down its centre and minute runes glimmer near the fracture at its base. Rich purple, magenta and indigo palette with a cold white highlight. It floats over a dark arcane backdrop. game item icon, centered composition, soft rim lighting, rich saturated color with accents",,,,,,,,,shard,4,4
mythic_shard,material,Mythic Shard,"A slender shard of radiant golden crystal, its faces catching light like cut topaz, hovering point-down so the glow spills from its base. A molten amber heart flickers at its centre and fine gold filaments run along every edge. Brilliant gold, amber and warm white palette. It floats over a dark vault backdrop with motes of light rising. game item icon, centered composition, soft rim lighting, rich saturated color with accents",,,,,,,,,shard,5,5
lesser_physical_core,material,Lesser Physical Core,"A small, roughly cut crystal heart in dull gunmetal grey, its facets chipped and unpolished, veins of pale iron running through a cloudy core. It rests point-down, heavy and inert, with a faint metallic sheen the only life in it. Neutral steel, ash and slate palette. It sits on a dark stone backdrop. game item icon, centered composition, soft rim lighting, rich saturated color with accents",,,,,,,,,core,1,1
greater_physical_core,material,Greater Physical Core,"A chunky faceted crystal heart in polished steel grey, its edges now clean and its inner iron veins glowing a soft cold white. Iron filings drift around it like dust in a magnetic field. Cool gunmetal, silver and charcoal palette. It balances point-down over a dark stone backdrop. game item icon, centered composition, soft rim lighting, rich saturated color with accents",,,,,,,,,core,2,2
mythic_physical_core,material,Mythic Physical Core,"A large ornate crystal heart of layered steel and smoky quartz, bands of engraved metal clasping its waist and pale runes faintly lit inside. Cold white light leaks through hairline fractures. Steel grey, platinum and deep charcoal palette. It hangs point-down over a dark forged backdrop. game item icon, centered composition, soft rim lighting, rich saturated color with accents",,,,,,,,,core,3,3
legendary_physical_core,material,Legendary Physical Core,"A monumental crystal heart of blackened steel and clear quartz, wrapped in intricate clockwork filigree, its core blazing with steady white fire. Chained iron inlays spiral across mirror-polished facets. Platinum, gunmetal and brilliant white palette. It floats point-down over a dark anvil backdrop with sparks rising. game item icon, centered composition, soft rim lighting, rich saturated color with accents",,,,,,,,,core,4,4
lesser_fire_core,material,Lesser Fire Core,"A small rough crystal heart in dull ember orange, its cracked facets holding cooling lava like a dying coal. Thin smoke curls from its seams and warm ash dusts its base. Deep ember, rust and charcoal palette. It rests point-down on a dark hearth-stone backdrop. game item icon, centered composition, soft rim lighting, rich saturated color with accents",,,,,,,,,core,1,1
greater_fire_core,material,Greater Fire Core,"A chunky faceted crystal heart of glowing magma, polished faces over a molten core that shifts from orange to yellow. Sparks drift from hairline cracks and a faint heat shimmer bends the air around it. Molten orange, scorched black and gold palette. It hovers point-down over a dark volcanic backdrop. game item icon, centered composition, soft rim lighting, rich saturated color with accents",,,,,,,,,core,2,2
mythic_fire_core,material,Mythic Fire Core,"A large ornate crystal heart of obsidian wrapped in brass clasps, its molten core bright with whorled fire runes. Smoke and cinders rise through engraved channels along its facets. Crimson, brass and charcoal palette. It hangs point-down over a dark forge backdrop. game item icon, centered composition, soft rim lighting, rich saturated color with accents",,,,,,,,,core,3,3
legendary_fire_core,material,Legendary Fire Core,"A monumental crystal heart of black volcanic glass and white-hot magma, encircled by a crown of intricate brass and burning runes. Its core is a blinding furnace shedding embers and ribbons of flame. Brilliant gold, blood red and deep black palette. It floats point-down over a dark caldera backdrop. game item icon, centered composition, soft rim lighting, rich saturated color with accents",,,,,,,,,core,4,4
lesser_water_core,material,Lesser Water Core,"A small rough crystal heart of murky sea-blue, its cloudy facets holding a slow swirling current and a single trapped bubble. Foam-flecked and faintly wet, it drips one clear drop from its tip. Deep teal, seafoam and slate palette. It rests point-down on a dark wet-stone backdrop. game item icon, centered composition, soft rim lighting, rich saturated color with accents",,,,,,,,,core,1,1
greater_water_core,material,Greater Water Core,"A chunky faceted crystal heart of clear ocean blue, polished faces over a core where currents spiral and small whitecaps break. Water beads across its surface and mist collects at its tip. Azure, cyan and deep navy palette. It hovers point-down over a dark tide-pool backdrop. game item icon, centered composition, soft rim lighting, rich saturated color with accents",,,,,,,,,core,2,2
mythic_water_core,material,Mythic Water Core,"A large ornate crystal heart of abyssal blue ringed by silver wave filigree, its core a slow luminous whirlpool with drifting bubbles. Sea spray hangs frozen around it. Sapphire, pearl and midnight palette. It hangs point-down over a dark ocean backdrop. game item icon, centered composition, soft rim lighting, rich saturated color with accents",,,,,,,,,core,3,3
legendary_water_core,material,Legendary Water Core,"A monumental crystal heart of deep-sea crystal sheathed in pearl and silver coral, its core a churning maelstrom lit by glowing currents. Ribbons of water spiral around it and a crown of frozen foam rings its tip. Brilliant cyan, abyssal blue and silver palette. It floats point-down over a dark trench backdrop. game item icon, centered composition, soft rim lighting, rich saturated color with accents",,,,,,,,,core,4,4
lesser_electric_core,material,Lesser Electric Core,"A small rough crystal heart of cloudy yellow quartz, its cracked facets snapping with thin static arcs and a single dim spark in the core. A faint charge lifts loose grit around it. Dull amber, pale yellow and slate palette. It rests point-down on a dark metal backdrop. game item icon, centered composition, soft rim lighting, rich saturated color with accents",,,,,,,,,core,1,1
greater_electric_core,material,Greater Electric Core,"A chunky faceted crystal heart of bright electric yellow, polished faces over a core that flickers with branching lightning. Loose sparks jump between its edges and fine copper wires cling to its base. Vivid yellow, white and charcoal palette. It hovers point-down over a dark storm backdrop. game item icon, centered composition, soft rim lighting, rich saturated color with accents",,,,,,,,,core,2,2
mythic_electric_core,material,Mythic Electric Core,"A large ornate crystal heart of yellow crystal bound in copper coil, its core a contained storm of forked lightning and glowing ring marks. Constant arcs crawl across engraved facets. Golden yellow, copper and deep slate palette. It hangs point-down over a dark thundercloud backdrop. game item icon, centered composition, soft rim lighting, rich saturated color with accents",,,,,,,,,core,3,3
legendary_electric_core,material,Legendary Electric Core,"A monumental crystal heart of golden electrum wrapped in a crown of copper and iron, its core a blinding cage of white lightning. Great arcs leap outward in all directions and the air hums with charge. Brilliant white, electric yellow and bronze palette. It floats point-down over a dark thunderhead backdrop. game item icon, centered composition, soft rim lighting, rich saturated color with accents",,,,,,,,,core,4,4
lesser_grass_core,material,Lesser Grass Core,"A small rough crystal heart of mossy green, its cloudy facets shot through with fine roots and a single unfurling sprout at its tip. Loose soil and pollen cling to it. Dull olive, moss and earth-brown palette. It rests point-down on a dark forest-floor backdrop. game item icon, centered composition, soft rim lighting, rich saturated color with accents",,,,,,,,,core,1,1
greater_grass_core,material,Greater Grass Core,"A chunky faceted crystal heart of vivid leaf-green, polished faces over a core woven with glowing vines and drifting spores. Small leaves unfurl from cracks along its sides. Fresh green, chartreuse and bark-brown palette. It hovers point-down over a dark woodland backdrop. game item icon, centered composition, soft rim lighting, rich saturated color with accents",,,,,,,,,core,2,2
mythic_grass_core,material,Mythic Grass Core,"A large ornate crystal heart of jade cored with living sap, ringed by blooming flowers and curled vines that glow faintly. Fireflies drift around it through a haze of pollen. Emerald, jade and warm brown palette. It hangs point-down over a dark overgrown-ruin backdrop. game item icon, centered composition, soft rim lighting, rich saturated color with accents",,,,,,,,,core,3,3
legendary_grass_core,material,Legendary Grass Core,"A monumental crystal heart of heartwood and emerald, its core a lush heartbeat of light with a great tree's roots and branches coiling from its crown. Blossoms and golden pollen swirl around it. Brilliant green, gold and bark-brown palette. It floats point-down over a dark ancient-grove backdrop. game item icon, centered composition, soft rim lighting, rich saturated color with accents",,,,,,,,,core,4,4
lesser_earth_core,material,Lesser Earth Core,"A small rough crystal heart of dull ochre stone, its cracked facets speckled with grit and one embedded pebble. Heavy and unfinished, it sits low and stubborn. Muted brown, clay and grey palette. It rests point-down on a dark soil backdrop. game item icon, centered composition, soft rim lighting, rich saturated color with accents",,,,,,,,,core,1,1
greater_earth_core,material,Greater Earth Core,"A chunky faceted crystal heart of polished sandstone and agate, its bands glowing faintly in earthy colours around a core of packed soil. Small stones orbit it like satellites. Warm ochre, terracotta and slate palette. It hovers point-down over a dark rocky backdrop. game item icon, centered composition, soft rim lighting, rich saturated color with accents",,,,,,,,,core,2,2
mythic_earth_core,material,Mythic Earth Core,"A large ornate crystal heart of layered stone carved with angular runes, its core a glowing vein of molten gold ore. Floating rock fragments ring its waist and dust drifts around it. Ochre, agate-red and gold palette. It hangs point-down over a dark cavern backdrop. game item icon, centered composition, soft rim lighting, rich saturated color with accents",,,,,,,,,core,3,3
legendary_earth_core,material,Legendary Earth Core,"A monumental crystal heart of mountain granite banded with precious ore, its core a luminous geode of amethyst and gold. Great stone shards orbit it in a ring and dust storms spiral outward. Brilliant ochre, amethyst and gold palette. It floats point-down over a dark canyon backdrop. game item icon, centered composition, soft rim lighting, rich saturated color with accents",,,,,,,,,core,4,4
lesser_ice_core,material,Lesser Ice Core,"A small rough crystal heart of pale frost-white, its cloudy facets holding a single trapped snowflake and a thread of frozen water. Cold vapour curls from its tip. Pale cyan, white and slate palette. It rests point-down on a dark icy backdrop. game item icon, centered composition, soft rim lighting, rich saturated color with accents",,,,,,,,,core,1,1
greater_ice_core,material,Greater Ice Core,"A chunky faceted crystal heart of clear glacial blue, polished faces over a core of frozen currents and suspended shards of ice. Frost forms and melts along its edges. Cyan, pale blue and white palette. It hovers point-down over a dark frozen-lake backdrop. game item icon, centered composition, soft rim lighting, rich saturated color with accents",,,,,,,,,core,2,2
mythic_ice_core,material,Mythic Ice Core,"A large ornate crystal heart of prismatic ice ringed by a frost filigree, its core refracting light into cold rainbows. Snow dust and tiny ice shards drift around it. Brilliant cyan, prism white and deep blue palette. It hangs point-down over a dark glacier backdrop. game item icon, centered composition, soft rim lighting, rich saturated color with accents",,,,,,,,,core,3,3
legendary_ice_core,material,Legendary Ice Core,"A monumental crystal heart of ancient glacier ice sheathed in a crown of frozen crystal, its core a blinding prism splitting light into aurora bands. Blizzard snow spirals outward and shards hover in orbit. Brilliant white, cyan and violet palette. It floats point-down over a dark polar backdrop. game item icon, centered composition, soft rim lighting, rich saturated color with accents",,,,,,,,,core,4,4
lesser_dragon_core,material,Lesser Dragon Core,"A small rough crystal heart of dusky crimson, its facets marked like scales and seeded with a single embryonic scale. Faint heat simmers beneath it. Deep crimson, bronze and charcoal palette. It rests point-down on a dark hoard backdrop. game item icon, centered composition, soft rim lighting, rich saturated color with accents",,,,,,,,,core,1,1
greater_dragon_core,material,Greater Dragon Core,"A chunky faceted crystal heart of ruby red, its surface layered in polished scale plates around a core of glowing draconic blood. Small shed scales drift around it. Vivid crimson, gold and dark bronze palette. It hovers point-down over a dark treasure backdrop. game item icon, centered composition, soft rim lighting, rich saturated color with accents",,,,,,,,,core,2,2
mythic_dragon_core,material,Mythic Dragon Core,"A large ornate crystal heart of crimson gemstone wrapped in gold regalia, its core burning with a coiled serpent of light. Scale plates ripple across it and coins circle in its wake. Royal crimson, gold and black palette. It hangs point-down over a dark throne backdrop. game item icon, centered composition, soft rim lighting, rich saturated color with accents",,,,,,,,,core,3,3
legendary_dragon_core,material,Legendary Dragon Core,"A monumental crystal heart of dragonstone ringed in a crown of red-gold regalia, its core a coiled dragon of living fire with spread wings. Molten scale shards orbit it and treasure glints below. Brilliant ruby, gold and obsidian palette. It floats point-down over a dark dragon-hoard backdrop. game item icon, centered composition, soft rim lighting, rich saturated color with accents",,,,,,,,,core,4,4
lesser_dark_core,material,Lesser Dark Core,"A small rough crystal heart of smoky black quartz, its cloudy facets bleeding thin wisps of shadow and a dim violet pinprick at its core. Ash dusts its base. Charcoal, bruised purple and slate palette. It rests point-down on a dark crypt backdrop. game item icon, centered composition, soft rim lighting, rich saturated color with accents",,,,,,,,,core,1,1
greater_dark_core,material,Greater Dark Core,"A chunky faceted crystal heart of obsidian black, polished faces over a core of swirling violet smoke that never settles. Shadow wisps peel off and curl around it. Deep black, indigo and faint magenta palette. It hovers point-down over a dark ruined-altar backdrop. game item icon, centered composition, soft rim lighting, rich saturated color with accents",,,,,,,,,core,2,2
mythic_dark_core,material,Mythic Dark Core,"A large ornate crystal heart of black glass bound in tarnished silver, its core an eye of violet void with faint runes crawling across its facets. Smoke pours from every seam. Void black, violet and silver palette. It hangs point-down over a dark catacomb backdrop. game item icon, centered composition, soft rim lighting, rich saturated color with accents",,,,,,,,,core,3,3
legendary_dark_core,material,Legendary Dark Core,"A monumental crystal heart of pure void obsidian crowned with tarnished silver, its core a devouring violet eclipse ringed by drifting shadow. Bats of smoke spiral around it and runes burn cold. Brilliant violet, deep black and silver palette. It floats point-down over a dark abyss backdrop. game item icon, centered composition, soft rim lighting, rich saturated color with accents",,,,,,,,,core,4,4
